,Score,Certificate,Owner,Country of Origin,Farm Name,Lot Number,Mill,ICO Number,Company,Altitude,Region,Producer,Number of Bags,Bag Weight,In-Country Partner,Harvest Year,Grading Date,Owner,Variety,Status,Processing Method,Aroma,Flavor,Aftertaste,Acidity,Body,Balance,Uniformity,Clean Cup,Sweetness,Overall,Defects,Total Cup Points,Moisture,Category One Defects,Quakers,Color,Category Two Defects,NA,Expiration,Certification Body,Certification Address,Certification Contact
0,89.25,Q Arabica Certificate,郭亮志 GuoLiangZhi,Taiwan,嵩岳咖啡莊園,202004,嵩岳咖啡莊園,,TCL 台灣咖啡研究室,1200,雲林-石壁,郭亮志,3,60 kg,NKG Quality Service (a division of Bernhard Rothfos Intercafé AG),2020,"September 1st, 2020",郭亮志 GuoLiangZhi,Gesha,Completed,Natural / Dry,8.58,8.67,8.17,8.25,8.5,8.58,10,10,10,8.5,0,89.25,11%,0 full defects,0,None,0 full defects,,"September 1st, 2021",NKG Quality Service (a division of Bernhard Rothfos Intercafé AG),"Bahnhofstrasse 22 6300 Zug, Switzerland",Gloria Pedroza - +41417287296
0,89.17,Q Arabica Certificate,Alexis Rodriguez,Kenya,,1542247,Tylor Winch,037-1673-5107,Nestle Nespresso SA,1650,,Tylor Winch Volcafe,320,69 kg,NKG Quality Service (a division of Bernhard Rothfos Intercafé AG),2019,"October 30th, 2020",Alexis Rodriguez,SL28,Completed,Washed / Wet,8.33,8.5,8.25,8.67,8.42,8.42,10,10,10,8.58,0,89.17,11%,0 full defects,0,Green,1 full defects,,"October 30th, 2021",NKG Quality Service (a division of Bernhard Rothfos Intercafé AG),"Bahnhofstrasse 22 6300 Zug, Switzerland",Gloria Pedroza - +41417287296
0,87.17,Q Arabica Certificate,Blossom Valley International,Ethiopia,Honey Drip,1,non,,宸嶧國際有限公司,2219,Ethiopia,Honey Dip,37,20 kg,Japan Coffee Exchange,2020,"July 14th, 2020",Blossom Valley International,Ethiopian Heirlooms,Completed,Other,8.25,8.25,7.92,8.42,7.92,8.08,10,10,10,8.33,0,87.17,11%,0 full defects,3,Green,4 full defects,,"July 14th, 2021",Japan Coffee Exchange,"〒413-0002 静岡県熱海市伊豆山１１７３−５８ 1173-58 Izusan, Atami, Shizuoka, 413-0002 JAPAN",松澤　宏樹　Koju Matsuzawa - +81(0)9085642901
0,87.08,Q Arabica Certificate,Fernando,Colombia,Granja el Sauce,001 Tostado SW,Dry Mill/ Honey Process,,Tostado SW Limited,1650,Santander Colombia,Alvaro Edgar Ramirez Jauregui,1,20 kg,NKG Quality Service (a division of Bernhard Rothfos Intercafé AG),2019,"September 4th, 2020",Fernando,Other,Completed,Pulped natural / honey,8.33,8.08,7.75,8.33,8.17,8.17,10,10,10,8.25,0,87.08,11%,0 full defects,0,None,0 full defects,,"September 4th, 2021",NKG Quality Service (a division of Bernhard Rothfos Intercafé AG),"Bahnhofstrasse 22 6300 Zug, Switzerland",Gloria Pedroza - +41417287296
0,86.92,Q Arabica Certificate,Dr. Marcel Lorenz,Ethiopia,Kata Muduga,1,Kata Muduga Farmers,,Haia GmbH,1800,Limu,Kata Muduga Farmers Union,100,60 kg,NKG Quality Service (a division of Bernhard Rothfos Intercafé AG),2020,"September 1st, 2020",Dr. Marcel Lorenz,Other,Completed,Washed / Wet,8,8.33,8.17,8,8,8.17,10,10,10,8.25,0,86.92,11%,0 full defects,0,Green,0 full defects,,"September 1st, 2021",NKG Quality Service (a division of Bernhard Rothfos Intercafé AG),"Bahnhofstrasse 22 6300 Zug, Switzerland",Gloria Pedroza - +41417287296
0,86.83,Q Arabica Certificate,Hsu Ting Yey許定燁,Taiwan,Zhou Wu Mountain,1,Zhou Wu Mountain,,宸嶧國際有限公司,1200,Zhou Wu Mountain,Zhou Wu Mountain,100,1 kg,Japan Coffee Exchange,2020,"January 29th, 2021",Hsu Ting Yey許定燁,Gesha,Completed,Natural / Dry,8.25,8.25,7.92,8.33,7.92,8,10,10,10,8.17,0,86.83,11.50%,0 full defects,1,greenish,0 full defects,,"January 29th, 2022",Japan Coffee Exchange,"〒413-0002 静岡県熱海市伊豆山１１７３−５８ 1173-58 Izusan, Atami, Shizuoka, 413-0002 JAPAN",松澤　宏樹　Koju Matsuzawa - +81(0)9085642901
0,86.58,Q Arabica Certificate,Blossom Valley International,Ethiopia,non,1,non,E0205,宸嶧國際有限公司,2100,Ethiopia Sidamo Guji Uraga Adola,non,200,30 kg,Japan Coffee Exchange,2020,"July 14th, 2020",Blossom Valley International,Other,Completed,Washed / Wet,8.25,8.17,7.92,8.17,7.83,8,10,10,10,8.25,0,86.58,12%,0 full defects,1,Green,3 full defects,,"July 14th, 2021",Japan Coffee Exchange,"〒413-0002 静岡県熱海市伊豆山１１７３−５８ 1173-58 Izusan, Atami, Shizuoka, 413-0002 JAPAN",松澤　宏樹　Koju Matsuzawa - +81(0)9085642901
0,86.5,Q Arabica Certificate,SOLOMON WORKU,Ethiopia,SOLOMON WORKU,8.33,SOLOMON WORKU COFFEE PROCESSING,010/0115/0037,SMS PLC,1950,ADDIS ABABA,SOLOMON WORKU COFFEE PROCESSING,250,60 kg,METAD Agricultural Development plc,2020,"March 18th, 2021",SOLOMON WORKU,Ethiopian Yirgacheffe,Completed,Washed / Wet,8,8.17,8,8.25,7.92,8.08,10,10,10,8.08,0,86.5,10.50%,0 full defects,0,Blue-Green,1 full defects,,"March 18th, 2022",METAD Agricultural Development plc,"BAWA Center, 3rd Floor (Gerji), Addis Ababa, Ethiopia","Aman Adinew (Emebet Dinku) - +251-116-292534, +251-911-519196"
0,86.42,CQI Arabica Technical Report,Tadessa Desta Amene,Ethiopia,Firemariyam Hambela Wamena Deri,10.6,Firemariyam Dry Mill site,010/0218/0090,TADESSE DESTA IMPORT & EXPORT,2200,South,Firemariyam Dinku,320,60 kg,METAD Agricultural Development plc,2020,"March 18th, 2021",Tadessa Desta Amene,Ethiopian Heirlooms,Completed,Natural / Dry,8,8.08,8,8.08,8.08,8.08,10,10,10,8.08,0,86.42,10%,0 full defects,6,Yellow Green,5 full defects,,"March 18th, 2022",METAD Agricultural Development plc,"BAWA Center, 3rd Floor (Gerji), Addis Ababa, Ethiopia","Aman Adinew (Emebet Dinku) - +251-116-292534, +251-911-519196"
0,86.25,Q Arabica Certificate,Al-impex Business plc,Ethiopia,local farm,14,Hulling,010/0240/0002,Al-Impex Business plc,2000,Dila,Alemayehue Gume,300,60 kg,METAD Agricultural Development plc,2019,"June 29th, 2020",Al-impex Business plc,Ethiopian Yirgacheffe,Completed,Washed / Wet,8,8,8,8.08,8,8,10,10,10,8.17,0,86.25,10%,0 full defects,0,Blue-Green,0 full defects,,"June 29th, 2021",METAD Agricultural Development plc,"BAWA Center, 3rd Floor (Gerji), Addis Ababa, Ethiopia","Aman Adinew (Emebet Dinku) - +251-116-292534, +251-911-519196"
0,86.25,CQI Arabica Technical Report,SOLOMON WORKU,Ethiopia,SOLOMON WORKU,8.33,SOLOMON WORKU COFFEE PROCESSING,010/0115/0037,SMS PLC,1950,ADDIS ABABA,SOLOMON WORKU COFFEE PROCESSING,250,60 kg,METAD Agricultural Development plc,2021,"March 18th, 2021",SOLOMON WORKU,Ethiopian Yirgacheffe,Completed,Washed / Wet,8,8.08,8,8.17,7.92,8,10,10,10,8.08,0,86.25,10.50%,0 full defects,6,Blue-Green,1 full defects,,"March 18th, 2022",METAD Agricultural Development plc,"BAWA Center, 3rd Floor (Gerji), Addis Ababa, Ethiopia","Aman Adinew (Emebet Dinku) - +251-116-292534, +251-911-519196"
0,86.17,Q Arabica Certificate,Lydiah Mwangi,Kenya,VARIOUS FARMS,412410049,CKCM MILL,37/3075/10049,C. Dorman limited,1276,KENYA,VARIOUS COOPERATIVES,150,60 kg,Kenya Coffee Traders Association,2020,"January 13th, 2021",Lydiah Mwangi,SL28,Completed,Washed / Wet,8.25,8,8,7.92,8,8.17,10,10,10,7.83,0,86.17,11.50%,0 full defects,0,Green,5 full defects,,"January 13th, 2022",Kenya Coffee Traders Association,"P.O. Box 646 00100Nairobi, Kenya",Benson Kibicho Kamau - +254 786 821 621
0,86.08,Q Arabica Certificate,"Fang, Cheng Lun 方政倫",Taiwan,Zou Zhou Yuan,1,Zou Zhou Yuan,,宸嶧國際有限公司,1300,Taiwn Zou Zhou Yuan,Zou Zhou Yuan,100,1 kg,Japan Coffee Exchange,2020,"January 29th, 2021","Fang, Cheng Lun 方政倫",Gesha,Completed,Natural / Dry,8.17,8,7.83,8,7.83,8.08,10,10,10,8.17,0,86.08,11.50%,0 full defects,0,Green,0 full defects,,"January 29th, 2022",Japan Coffee Exchange,"〒413-0002 静岡県熱海市伊豆山１１７３−５８ 1173-58 Izusan, Atami, Shizuoka, 413-0002 JAPAN",松澤　宏樹　Koju Matsuzawa - +81(0)9085642901
0,85.83,Q Arabica Certificate,"Sunvirtue Co., Ltd.",Vietnam,APOLLO Estate,Apollo Washed 2020,Dry Mill,,"Sunvirtue Co., Ltd.",1040,Dalat,"Yeh, Li Chuan",1,2 kg,Specialty Coffee Association,2020,"March 19th, 2021","Sunvirtue Co., Ltd.",Catimor,Completed,Washed / Wet,7.92,8.08,7.75,7.83,8.08,8,10,10,10,8.17,0,85.83,13.30%,0 full defects,0,Bluish-Green,1 full defects,,"March 19th, 2022",Specialty Coffee Association,"117 W 4th St, Suite 300 Santa Ana, CA 92701",Jessica Rodriguez - 562-999-3164
0,85.75,Q Arabica Certificate,Jim郭志豪,Taiwan,嵩岳咖啡莊園,202002,嵩岳咖啡莊園,,TCL 台灣咖啡研究室,1200,雲林-石壁,郭志豪,4,50 kg,NKG Quality Service (a division of Bernhard Rothfos Intercafé AG),2019,"September 1st, 2020",Jim郭志豪,Gesha,Completed,Natural / Dry,7.83,8.17,7.92,7.83,7.92,8,10,10,10,8.08,0,85.75,10%,0 full defects,0,None,0 full defects,,"September 1st, 2021",NKG Quality Service (a division of Bernhard Rothfos Intercafé AG),"Bahnhofstrasse 22 6300 Zug, Switzerland",Gloria Pedroza - +41417287296
0,85.67,CQI Arabica Technical Report,Al-impex Business plc,Ethiopia,Local Farmer,14,Hulling,010/0240/0002,Al-Impex Business plc,1994,Dila,Alemayehue Mesfin,300,60 kg,METAD Agricultural Development plc,2019,"June 13th, 2020",Al-impex Business plc,Ethiopian Yirgacheffe,Completed,Washed / Wet,8,8,7.83,8,8,8,10,10,10,7.83,0,85.67,10%,0 full defects,0,Green,7 full defects,,"June 13th, 2021",METAD Agricultural Development plc,"BAWA Center, 3rd Floor (Gerji), Addis Ababa, Ethiopia","Aman Adinew (Emebet Dinku) - +251-116-292534, +251-911-519196"
0,85.42,Q Arabica Certificate,Blossom Valley International,Ethiopia,none,1,non,E0062,宸嶧國際有限公司,1800,Ethiopia Yirgacheffe,none,35,30 kg,Japan Coffee Exchange,2020,"July 14th, 2020",Blossom Valley International,Ethiopian Heirlooms,Completed,Washed / Wet,8.17,8,7.67,8,7.75,7.83,10,10,10,8,0,85.42,11%,0 full defects,0,Green,2 full defects,,"July 14th, 2021",Japan Coffee Exchange,"〒413-0002 静岡県熱海市伊豆山１１７３−５８ 1173-58 Izusan, Atami, Shizuoka, 413-0002 JAPAN",松澤　宏樹　Koju Matsuzawa - +81(0)9085642901
0,85.17,Q Arabica Certificate,Marco tulio fuentes lobo,Honduras,LA GUAMA,431,BON CAFE S.A.,13-115-237,Bon cafe s.a,1450,LA PAZ,NAHUN EDGARDO FLORES GAMEZ.,250,69 kg,Instituto Hondureño del Café,2019,"May 22nd, 2020",Marco tulio fuentes lobo,Catuai,Completed,Washed / Wet,7.92,7.92,7.75,7.92,7.92,7.83,10,10,10,7.92,0,85.17,9%,0 full defects,0,Green,1 full defects,,"May 22nd, 2021",Instituto Hondureño del Café,"Laboratorio de Control de Calidad de Café ( CNCC), 33 Calle, 1-2 Avenida, Sector El Cacao. San Pedro Sula, Cortes",Ramon Reyes - + 504 9693-9042
0,85.08,Q Arabica Certificate,Balam Hinyula,"Tanzania, United Republic Of",HEZYA,SC5894,MBOZI COFFEE CURING,,VOLCAFE/TaylorWinch Tanzania Ltd,1420,MBEYA,HEZYA,250,60 kg,Kenya Coffee Traders Association,2020,"December 9th, 2020",Balam Hinyula,Bourbon,Completed,Washed / Wet,7.92,7.75,7.83,7.83,8,7.83,10,10,10,7.92,0,85.08,13.50%,0 full defects,0,Green,0 full defects,,"December 9th, 2021",Kenya Coffee Traders Association,"P.O. Box 646 00100Nairobi, Kenya",Benson Kibicho Kamau - +254 786 821 621
0,85.08,Q Arabica Certificate,Kawacom Uganda LTD,Uganda,Kawacom Sipi Project,035 170 5001123,Kawacom Uganda Limted,,Kawacom uganda LTD,1790,Eastern Uganda,Kawacom Sipi Project,300,60 kg,Uganda Coffee Development Authority,2019,"May 29th, 2020",Kawacom Uganda LTD,SL28,Completed,Washed / Wet,7.83,8.08,7.92,7.67,7.83,7.75,10,10,10,8,0,85.08,10%,0 full defects,0,Green,0 full defects,,"May 29th, 2021",Uganda Coffee Development Authority,"Coffee House, Plot 35, Jinja Road, P.O. Box 7267, Kampala, Uganda",Clare Rwakatogoro - 256-75-753120312
0,84.83,Q Arabica Certificate,Blossom Valley International,Kenya,NON,1,RUCHU COFFEE FACTORY,KY1268,宸嶧國際有限公司,1700,kenya Muranga,non,260,30 kg,Japan Coffee Exchange,2019,"July 14th, 2020",Blossom Valley International,SL28,Completed,Washed / Wet,7.92,7.92,7.75,7.75,7.75,7.75,10,10,10,8,0,84.83,11%,0 full defects,0,Green,2 full defects,,"July 14th, 2021",Japan Coffee Exchange,"〒413-0002 静岡県熱海市伊豆山１１７３−５８ 1173-58 Izusan, Atami, Shizuoka, 413-0002 JAPAN",松澤　宏樹　Koju Matsuzawa - +81(0)9085642901
0,84.75,Q Arabica Certificate,Sucafina Colombia SAS,Colombia,Sucafina Colombia SAS,3-0960-01793,Sucafina Colombia SAS,3-0960-01793,Sucafina Colombia SAS,1300,Huila,Sucafina Colombia SAS,275,70 kg,ASOCIACIÓN COLOMBIANA PARA LA EXCELENCIA DEL CAFE,2020,"September 8th, 2020",Sucafina Colombia SAS,Caturra,Completed,Washed / Wet,7.92,7.75,7.67,8,7.83,7.83,10,10,10,7.75,0,84.75,11%,0 full defects,2,Green,1 full defects,,"September 8th, 2021",ASOCIACIÓN COLOMBIANA PARA LA EXCELENCIA DEL CAFE,calle 70a #7-82 of. 602,Gabriela Salcedo - 3186238650
0,84.67,Q Arabica Certificate,Asociación Aldea Global Jinotega,Nicaragua,Aldea Global,P48161,Aldea Coffee,017/191/1841,Asociación Aldea Global Jinotega,1100,Matagalpa,Aldea Global,275,69 kg,Asociación de Cafés Especiales de Nicaragua,2019,"September 9th, 2020",Asociación Aldea Global Jinotega,SHG,Completed,Washed / Wet,7.83,7.67,7.58,7.83,8,7.83,10,10,10,7.92,0,84.67,0%,0 full defects,0,Green,1 full defects,,"September 9th, 2021",Asociación de Cafés Especiales de Nicaragua,"Del Hotel Seminole 2 C al lago, 1 C arriba.",Maria Ines Benavidez Toval - 011-(505)-8396 4717
0,84.58,Q Arabica Certificate,Sucafina Colombia SAS,Colombia,Los Guacharos various,3-0960-01516,Trilladora BBI,3-0960-01516,Sucafina Colombia SAS,1400,Huila,Los Guacharos,160,70 kg,ASOCIACIÓN COLOMBIANA PARA LA EXCELENCIA DEL CAFE,2021,"March 4th, 2021",Sucafina Colombia SAS,Other,Completed,Washed / Wet,7.92,7.83,7.67,8,7.83,7.67,10,10,10,7.67,0,84.58,11.80%,0 full defects,0,Bluish-Green,1 full defects,,"March 4th, 2022",ASOCIACIÓN COLOMBIANA PARA LA EXCELENCIA DEL CAFE,calle 70a #7-82 of. 602,Gabriela Salcedo - 3186238650
0,84.33,Q Arabica Certificate,Yukinobu Ueda,Kenya,Various,37/1673/5093,Various,37/1673/5093,"NIPPON COFFEE TRADING CO.,LTD.",1450,Various,Various,238,60 kg,Japan Coffee Exchange,2020,"February 18th, 2021",Yukinobu Ueda,SL28,Completed,Washed / Wet,7.92,7.75,7.75,7.75,7.58,7.83,10,10,10,7.75,0,84.33,11.50%,0 full defects,0,greenish,3 full defects,,"February 18th, 2022",Japan Coffee Exchange,"〒413-0002 静岡県熱海市伊豆山１１７３−５８ 1173-58 Izusan, Atami, Shizuoka, 413-0002 JAPAN",松澤　宏樹　Koju Matsuzawa - +81(0)9085642901
0,84.25,Q Arabica Certificate,Alexis Rodriguez,Nicaragua,,1573236,CISA / MERCON,017-001-0487,Nestle Nespresso SA,1600,Matagalpa,CISA-MERCON,320,69 kg,NKG Quality Service (a division of Bernhard Rothfos Intercafé AG),2019,"November 3rd, 2020",Alexis Rodriguez,Pacamara,Completed,Washed / Wet,8,7.83,7.75,7.75,7.67,7.58,10,10,10,7.67,0,84.25,11%,0 full defects,1,Greenish,4 full defects,,"November 3rd, 2021",NKG Quality Service (a division of Bernhard Rothfos Intercafé AG),"Bahnhofstrasse 22 6300 Zug, Switzerland",Gloria Pedroza - +41417287296
0,84.25,CQI Arabica Technical Report,kavita vohora,"Tanzania, United Republic Of",Finagro Plantations Ltd,K28715,Arusha Coffee Mill Ltd,,Coffee Exporters Ltd,1750,"Oldeani, Ngorongoro",Finagro Plantations ltd,300,60 kg,Kenya Coffee Traders Association,2020 / 2021,"November 18th, 2020",kavita vohora,Orange Bourbon,Completed,Washed / Wet,7.75,7.75,7.75,7.83,7.83,7.58,10,10,10,7.75,0,84.25,11.50%,0 full defects,0,Green,6 full defects,,"November 18th, 2021",Kenya Coffee Traders Association,"P.O. Box 646 00100Nairobi, Kenya",Benson Kibicho Kamau - +254 786 821 621
0,84.25,Q Arabica Certificate,Bourbon Specialty Coffees SA,Brazil,CACHOEIRA DA GRAMA,43106720 - K28761,Hulling Facility,002/4542/0108,BOURBON SPECIALTY COFFEES,1100,SUL DE MINAS,GABRIEL DE CARVALHO DIAS,300,59 kg,Brazil Specialty Coffee Association,2020 / 2021,"December 18th, 2020",Bourbon Specialty Coffees SA,Yellow Bourbon,Completed,Pulped natural / honey,7.75,7.83,7.58,7.75,7.75,7.75,10,10,10,7.83,0,84.25,11.50%,0 full defects,1,Green,4 full defects,,"December 18th, 2021",Brazil Specialty Coffee Association,"Rua Gaspar Batista Paiva, 416 – Santa Luiza Varginha/MG – Brazil",Chris Allen - 55 35 3212-4705
0,84.17,Q Arabica Certificate,rodrigo amaya,Colombia,EL PRADO,3-59-03034,NEIVA,3-59-03034,carcafe ltda,442,HUILA,FRANKLIN DUSSAN,150,70 kg,ASOCIACIÓN COLOMBIANA PARA LA EXCELENCIA DEL CAFE,2020,"August 27th, 2020",rodrigo amaya,Caturra,Completed,Washed / Wet,7.83,7.75,7.58,7.58,7.92,7.75,10,10,10,7.75,0,84.17,11%,0 full defects,0,Green,3 full defects,,"August 27th, 2021",ASOCIACIÓN COLOMBIANA PARA LA EXCELENCIA DEL CAFE,calle 70a #7-82 of. 602,Gabriela Salcedo - 3186238650
0,84.08,Q Arabica Certificate,Welson de Lacerda Barbosa,Brazil,Fazenda Cachoeira,S012895-1,DRY MILL,002/1145/0784,Olam Agricola,1150,Cerrado,Danilo Barbosa,1280,76800 kg,Brazil Specialty Coffee Association,2020,"January 20th, 2021",Welson de Lacerda Barbosa,Catuai,Completed,Natural / Dry,7.75,7.75,7.58,7.75,7.92,7.67,10,10,10,7.67,0,84.08,11.50%,0 full defects,1,Green,5 full defects,,"January 20th, 2022",Brazil Specialty Coffee Association,"Rua Gaspar Batista Paiva, 416 – Santa Luiza Varginha/MG – Brazil",Chris Allen - 55 35 3212-4705
0,84.08,Q Arabica Certificate,BUGESTAL SPRL,Burundi,GISHA,1150,BUDECA,27-Jan,BUGESTAL,1666,Ngozi,BUGESTAL,320,60 kg,Kenya Coffee Traders Association,2020,"August 18th, 2020",BUGESTAL SPRL,Bourbon,Completed,Washed / Wet,7.58,7.75,7.75,7.67,7.83,7.75,10,10,10,7.75,0,84.08,10%,0 full defects,0,Green,1 full defects,,"August 18th, 2021",Kenya Coffee Traders Association,"P.O. Box 646 00100Nairobi, Kenya",Benson Kibicho Kamau - +254 786 821 621
0,84,CQI Arabica Technical Report,Alexis Rodriguez,Guatemala,,1567454,Beneficio Central - EFICO,011-030-575,Nestle Nespresso SA,1600,Fraijanes,,275,69 kg,NKG Quality Service (a division of Bernhard Rothfos Intercafé AG),2019,"November 4th, 2020",Alexis Rodriguez,Other,Completed,Washed / Wet,8.08,7.83,7.67,7.67,7.42,7.67,10,10,10,7.67,0,84,11%,1 full defects,2,Greenish,4 full defects,,"November 4th, 2021",NKG Quality Service (a division of Bernhard Rothfos Intercafé AG),"Bahnhofstrasse 22 6300 Zug, Switzerland",Gloria Pedroza - +41417287296
0,84,CQI Arabica Technical Report,Federación Nacional de Cafeteros - Logística Comercial,Colombia,,3-01-10540,Almacafé Manizales - Trilladora Estación Uribe,3-01-10540,Federación Nacional de Cafeteros,1750,Caldas,FNC - Several coffee growers,275,19250 kg,ASOCIACIÓN COLOMBIANA PARA LA EXCELENCIA DEL CAFE,2020 / 2021,"November 30th, 2020",Federación Nacional de Cafeteros - Logística Comercial,Other,Completed,Washed / Wet,7.83,7.83,7.58,7.83,7.67,7.67,10,10,10,7.58,0,84,11.50%,1 full defects,2,Green,4 full defects,,"November 30th, 2021",ASOCIACIÓN COLOMBIANA PARA LA EXCELENCIA DEL CAFE,calle 70a #7-82 of. 602,Gabriela Salcedo - 3186238650
0,84,Q Arabica Certificate,rodrigo amaya,Colombia,EL PRADO,3-59-1485,NEIVA,3-59-1485,carcafe ltda,442,HUILA,FRANKLIN DUSSAN,100,29 kg,ASOCIACIÓN COLOMBIANA PARA LA EXCELENCIA DEL CAFE,2021,"February 1st, 2021",rodrigo amaya,Caturra,Completed,Washed / Wet,7.92,7.83,7.5,7.83,7.67,7.58,10,10,10,7.67,0,84,11.50%,0 full defects,2,Green,1 full defects,,"February 1st, 2022",ASOCIACIÓN COLOMBIANA PARA LA EXCELENCIA DEL CAFE,calle 70a #7-82 of. 602,Gabriela Salcedo - 3186238650
0,83.92,Q Arabica Certificate,Ikuto Uehara,Guatemala,Not Specificated,11/63/712,Dry Mill of Exportcafe,,Marubeni Corporation,1550,Guatemala Huehuetenango,"Exportcafe, S.A.",275,69 kg,Japan Coffee Exchange,2020,"September 1st, 2020",Ikuto Uehara,Other,Completed,Washed / Wet,7.92,7.75,7.58,7.75,7.5,7.75,10,10,10,7.67,0,83.92,12%,0 full defects,1,Green,0 full defects,,"September 1st, 2021",Japan Coffee Exchange,"〒413-0002 静岡県熱海市伊豆山１１７３−５８ 1173-58 Izusan, Atami, Shizuoka, 413-0002 JAPAN",松澤　宏樹　Koju Matsuzawa - +81(0)9085642901
0,83.83,Q Arabica Certificate,rodrigo amaya,Colombia,EL PRADO,3-59-02703,NEIVA,3-59-2703,carcafe ltda,442,HUILA,FRANKLIN DUSSAN,200,29 kg,ASOCIACIÓN COLOMBIANA PARA LA EXCELENCIA DEL CAFE,2020,"October 2nd, 2020",rodrigo amaya,Caturra,Completed,Washed / Wet,7.83,7.67,7.58,7.83,7.83,7.67,10,10,10,7.42,0,83.83,10.50%,0 full defects,1,Green,1 full defects,,"October 2nd, 2021",ASOCIACIÓN COLOMBIANA PARA LA EXCELENCIA DEL CAFE,calle 70a #7-82 of. 602,Gabriela Salcedo - 3186238650
0,83.83,Q Arabica Certificate,Ikuto Uehara,Honduras,Not specificated,13/186/048,Dry Mill of Safracafe,13/186/048,Marubeni Corporation,1350,Honduras Copan,Aprocafesca,285,69 kg,Japan Coffee Exchange,2020,"October 27th, 2020",Ikuto Uehara,Other,Completed,Washed / Wet,7.75,7.75,7.75,7.67,7.5,7.67,10,10,10,7.75,0,83.83,11.50%,0 full defects,1,Green,2 full defects,,"October 27th, 2021",Japan Coffee Exchange,"〒413-0002 静岡県熱海市伊豆山１１７３−５８ 1173-58 Izusan, Atami, Shizuoka, 413-0002 JAPAN",松澤　宏樹　Koju Matsuzawa - +81(0)9085642901
0,83.83,Q Arabica Certificate,Byron Gonzalez,Guatemala,LAS ROSAS,415000557,,11-63-1257,"RETRILLAS DEL PACIFICO, S. A.",1500,HUEHUETENANGO,ROLANDO BELARMINO VILLATORO VILLATORO,275,69 kg,Asociacion Nacional Del Café,2020,"July 7th, 2020",Byron Gonzalez,Bourbon,Completed,Natural / Dry,7.5,7.92,7.58,7.58,7.67,7.75,10,10,10,7.83,0,83.83,11%,0 full defects,1,Green,4 full defects,,"July 7th, 2021",Asociacion Nacional Del Café,"5a Calle 0-50, Zona 14 Guatemala City, Guatemala 1014",Brayan Cifuentes -
0,83.83,Q Arabica Certificate,MR.BROWN CAFE,Ethiopia,Zenash,517,TRACON TRADING PLC,010/0148/0517,Mr.Brown Cafe,1943,Ethiopia Guji Uraga Solomo,TRACON TRADING PLC,267,60 kg,Blossom Valley International宸嶧國際,2020,"August 25th, 2020",MR.BROWN CAFE,Ethiopian Heirlooms,Completed,Washed / Wet,7.83,7.75,7.67,7.58,7.58,7.67,10,10,10,7.75,0,83.83,11%,0 full defects,0,Green,0 full defects,,"August 25th, 2021",Blossom Valley International宸嶧國際,No.72 Mo-Fan St. Taiwan Zip: 403,Damon Chen陳嘉峻 - +886423022323
0,83.83,Q Arabica Certificate,"CECA, S.A.",Costa Rica,Beneficio Montañas del Diamante,10373-01,Beneficio Montañas del Diamante,5-0025-0147,"CECA,S.A.",1848,Tarrazú,Martín Gutierrez,200,69 kg,Specialty Coffee Association of Costa Rica,2020,"April 17th, 2020","CECA, S.A.",Caturra,Completed,Washed / Wet,7.75,7.67,7.67,7.42,7.83,7.67,10,10,10,7.83,0,83.83,10%,0 full defects,2,Green,5 full defects,,"April 17th, 2021",Specialty Coffee Association of Costa Rica,"Blvd Rohrmoser, de Prisma Dental 200 norte y 25 oeste, casa 21",Noelia Villalobos - (506) 2220 0685
0,83.75,Q Arabica Certificate,Yukinobu Ueda,Colombia,Federación Nacional de Cafeteros de Colombia,3/01/11613,Federación Nacional de Cafeteros de Colombia,3/01/11613,JAPAN,1700,Huila,Federación Nacional de Cafeteros de Colombia,275,70 kg,Japan Coffee Exchange,2019,"October 27th, 2020",Yukinobu Ueda,Caturra,Completed,Washed / Wet,7.67,7.58,7.67,7.75,7.75,7.75,10,10,10,7.58,0,83.75,12%,0 full defects,1,Bluish-Green,0 full defects,,"October 27th, 2021",Japan Coffee Exchange,"〒413-0002 静岡県熱海市伊豆山１１７３−５８ 1173-58 Izusan, Atami, Shizuoka, 413-0002 JAPAN",松澤　宏樹　Koju Matsuzawa - +81(0)9085642901
0,83.75,CQI Arabica Technical Report,Byron Gonzalez,Guatemala,LA BURBUJA,415000445,,11-63-848,"RETRILLAS DEL PACIFICO, S. A.",1500,HUEHUETENANGO,MARISSA JUDITH HERRERA VILLATORO,200,69 kg,Asociacion Nacional Del Café,2020,"July 6th, 2020",Byron Gonzalez,Bourbon,Completed,Natural / Dry,7.58,7.92,7.5,7.58,7.67,7.67,10,10,10,7.83,0,83.75,11%,0 full defects,1,Green,7 full defects,,"July 6th, 2021",Asociacion Nacional Del Café,"5a Calle 0-50, Zona 14 Guatemala City, Guatemala 1014",Brayan Cifuentes -
0,83.67,CQI Arabica Technical Report,Byron Gonzalez,Guatemala,ALTA LUZ,415000544,,11-63-1073,"RETRILLAS DEL PACIFICO, S. A.",1400,HUEHUETENANGO,MARIA DE LOS ANGELES PEREZ,100,69 kg,Asociacion Nacional Del Café,2020,"July 7th, 2020",Byron Gonzalez,Bourbon,Completed,Natural / Dry,7.58,7.92,7.58,7.58,7.67,7.58,10,10,10,7.75,0,83.67,11%,0 full defects,1,Green,6 full defects,,"July 7th, 2021",Asociacion Nacional Del Café,"5a Calle 0-50, Zona 14 Guatemala City, Guatemala 1014",Brayan Cifuentes -
0,83.67,Q Arabica Certificate,"Lin, Che-Hao Krude 林哲豪",Taiwan,向陽台灣咖啡,20200215,向陽台灣咖啡,,TCL 台灣咖啡研究室,1000,國姓-九份二山,林言謙 LIN YEN CHIEN,1,50 kg,NKG Quality Service (a division of Bernhard Rothfos Intercafé AG),2019,"September 3rd, 2020","Lin, Che-Hao Krude 林哲豪",Gesha,Completed,Natural / Dry,7.92,7.58,7.5,7.25,7.92,7.92,10,10,10,7.58,0,83.67,11%,0 full defects,0,Green,0 full defects,,"September 3rd, 2021",NKG Quality Service (a division of Bernhard Rothfos Intercafé AG),"Bahnhofstrasse 22 6300 Zug, Switzerland",Gloria Pedroza - +41417287296
0,83.58,Q Arabica Certificate,ED&F Man Volcafe Brasil Ltda.,Brazil,Santa Bárbara,VJP-Q-2020-001,Copag Varginha,002/164-3/0120,ED&F Man Volcafe Brasil Ltda.,1020,Monte Carmelo's town - Cerrado Mineiro Region,Múcio Cardoso,440,59 kg,Brazil Specialty Coffee Association,2020 / 2021,"October 27th, 2020",ED&F Man Volcafe Brasil Ltda.,Mundo Novo,Completed,Natural / Dry,7.58,7.75,7.58,7.83,7.58,7.67,10,10,10,7.58,0,83.58,11%,0 full defects,0,Green,3 full defects,,"October 27th, 2021",Brazil Specialty Coffee Association,"Rua Gaspar Batista Paiva, 416 – Santa Luiza Varginha/MG – Brazil",Chris Allen - 55 35 3212-4705
0,83.58,Q Arabica Certificate,Welson de Lacerda Barbosa,Brazil,FAZENDA SERRADO,SC570/20,DRY MILL,211451763,Olam Agricola,1100,CARMO DE MINAS,CAIO PEREIRA,300,60 kg,Brazil Specialty Coffee Association,2020,"November 23rd, 2020",Welson de Lacerda Barbosa,Catuai,Completed,Natural / Dry,7.67,7.75,7.58,7.5,7.83,7.58,10,10,10,7.67,0,83.58,11.50%,0 full defects,0,Green,0 full defects,,"November 23rd, 2021",Brazil Specialty Coffee Association,"Rua Gaspar Batista Paiva, 416 – Santa Luiza Varginha/MG – Brazil",Chris Allen - 55 35 3212-4705
0,83.58,CQI Arabica Technical Report,Lydiah Mwangi,Kenya,VARIOUS FARMS,412410050,CKCM MILL,37/00045/10050,C. Dorman limited,1750,KENYA,VARIOUS COOPERATIVES,170,60 kg,Kenya Coffee Traders Association,2020,"January 13th, 2021",Lydiah Mwangi,SL28,Completed,Washed / Wet,7.83,7.58,7.58,7.75,7.67,7.58,10,10,10,7.58,0,83.58,11%,0 full defects,0,Green,6 full defects,,"January 13th, 2022",Kenya Coffee Traders Association,"P.O. Box 646 00100Nairobi, Kenya",Benson Kibicho Kamau - +254 786 821 621
0,83.58,Q Arabica Certificate,Volcafe Japan,Uganda,,035/011/7094,Kyagalanyi Coffee's Namanve dry mill,035/011/7094,"Volcafe Limited, Japan",1700,Rwenzori,Small Farmers in Rwenzori,290,60 kg,Japan Coffee Exchange,2019,"August 5th, 2020",Volcafe Japan,SL28,Completed,Washed / Wet,7.75,7.67,7.5,7.75,7.58,7.58,10,10,10,7.75,0,83.58,12%,0 full defects,1,Green,4 full defects,,"August 5th, 2021",Japan Coffee Exchange,"〒413-0002 静岡県熱海市伊豆山１１７３−５８ 1173-58 Izusan, Atami, Shizuoka, 413-0002 JAPAN",松澤　宏樹　Koju Matsuzawa - +81(0)9085642901
0,83.5,Q Arabica Certificate,Consejo Salvadoreño del Café,El Salvador,Tuxpal,1,Tuxpal,09-392-97,Consejo Salvadoreño del Café,1200,Apaneca - Ilamatepec,"Tejemet, S.A. de C.V.",275,69 kg,Salvadoran Coffee Council,2019,"August 20th, 2020",Consejo Salvadoreño del Café,Bourbon,Completed,Washed / Wet,7.92,7.83,7.42,7.5,7.67,7.67,10,10,10,7.5,0,83.5,11%,0 full defects,0,Green,1 full defects,,"August 20th, 2021",Salvadoran Coffee Council,"Final 1a. Av. Norte y 13 Calle Pte., dentro de las instalaciones del MAG",Tomas Bonilla - (503) 2505-6600
0,83.5,CQI Arabica Technical Report,Loic Rwagasana,Rwanda,IMENA CWS,28/003/19031,COFFEE BUSINESS CENTER,,COFFEE BUSINESS CENTER LTD,1800,"RUSIZI, GIKUNDAMVURA",IMENA CWS,275,60 kg,Kenya Coffee Traders Association,2020,"September 4th, 2020",Loic Rwagasana,Bourbon,Completed,Washed / Wet,7.83,7.58,7.58,7.75,7.58,7.67,10,10,10,7.5,0,83.5,10%,0 full defects,11,None,9 full defects,,"September 4th, 2021",Kenya Coffee Traders Association,"P.O. Box 646 00100Nairobi, Kenya",Benson Kibicho Kamau - +254 786 821 621
0,83.42,Q Arabica Certificate,Yukinobu Ueda,Guatemala,Unex(Guatemala),11/23/439,Unex(Guatemala),11/23/439,"NIPPON COFFEE TRADING CO.,LTD.",1400,Oriente,Unex(Guatemala),235,69 kg,Japan Coffee Exchange,2020,"February 18th, 2021",Yukinobu Ueda,Bourbon,Completed,Washed / Wet,7.75,7.67,7.58,7.58,7.67,7.58,10,10,10,7.58,0,83.42,11.50%,0 full defects,0,greenish,3 full defects,,"February 18th, 2022",Japan Coffee Exchange,"〒413-0002 静岡県熱海市伊豆山１１７３−５８ 1173-58 Izusan, Atami, Shizuoka, 413-0002 JAPAN",松澤　宏樹　Koju Matsuzawa - +81(0)9085642901
0,83.42,Q Arabica Certificate,Byron Gonzalez,Guatemala,LA ESPERANZA,415000525,,11-63-1211,"RETRILLAS DEL PACIFICO, S. A.",1600,HUEHUETENANGO,FRANCISCO MORALES CARRILLO,275,69 kg,Asociacion Nacional Del Café,2020,"July 31st, 2020",Byron Gonzalez,Bourbon,Completed,Natural / Dry,7.58,7.83,7.5,7.75,7.5,7.58,10,10,10,7.67,0,83.42,10%,0 full defects,0,Green,5 full defects,,"July 31st, 2021",Asociacion Nacional Del Café,"5a Calle 0-50, Zona 14 Guatemala City, Guatemala 1014",Brayan Cifuentes -
0,83.42,Q Arabica Certificate,Janny Marlith Torres,Honduras,Finca Los Angeles,354,proceso de despulpado y lavado y zarandas para secado,13-154-86,Coffee planet Corporation S.A,1450,"los Cedros, Francisco Morazan",Ramon de Jesus Oliva,20,69 kg,Instituto Hondureño del Café,2020,"May 21st, 2020",Janny Marlith Torres,Catuai,Completed,Washed / Wet,7.83,7.75,7.5,7.58,7.67,7.5,10,10,10,7.58,0,83.42,10%,0 full defects,0,Green,5 full defects,,"May 21st, 2021",Instituto Hondureño del Café,"Laboratorio de Control de Calidad de Café ( CNCC), 33 Calle, 1-2 Avenida, Sector El Cacao. San Pedro Sula, Cortes",Ramon Reyes - + 504 9693-9042
0,83.33,Q Arabica Certificate,Joao Paulo Bueno Sanches,Brazil,Barra Estate,JE02,Hulling Facility,,Volcano Origin Coffees,1000,Sul de Minas Gerais,José Edivaldo Gonçalves,220,30 kg,Brazil Specialty Coffee Association,2020,"February 18th, 2021",Joao Paulo Bueno Sanches,Catuai,Completed,Pulped natural / honey,7.58,7.5,7.58,7.75,7.5,7.67,10,10,10,7.75,0,83.33,11.50%,0 full defects,0,Green,5 full defects,,"February 18th, 2022",Brazil Specialty Coffee Association,"Rua Gaspar Batista Paiva, 416 – Santa Luiza Varginha/MG – Brazil",Chris Allen - 55 35 3212-4705
0,83.25,Q Arabica Certificate,Bourbon Specialty Coffees SA,Brazil,IBIRACI REGIONAL,43107002 - P8281,DRY MILL,002/4542/0512,BOURBON SPECIALTY COFFEES,1100,IBIRACI,IBIRACI REGIONALS,325,59 kg,Brazil Specialty Coffee Association,2020,"February 25th, 2021",Bourbon Specialty Coffees SA,Other,Completed,Natural / Dry,7.67,7.75,7.67,7.58,7.5,7.58,10,10,10,7.5,0,83.25,11.50%,0 full defects,1,Bluish-Green,3 full defects,,"February 25th, 2022",Brazil Specialty Coffee Association,"Rua Gaspar Batista Paiva, 416 – Santa Luiza Varginha/MG – Brazil",Chris Allen - 55 35 3212-4705
0,83.25,Q Arabica Certificate,Angelica Paola Citan Lopez,Guatemala,FINCA BENEFICIO EL TORREON,11/23/267,BENEFICIO IXCHEL,11/23/267,Asociación Nacional del Cafe,1901.64,ORIENTE,AGROINDUSTRIAS CAFETALERAS,150,69 kg,Asociacion Nacional Del Café,2020,"March 19th, 2021",Angelica Paola Citan Lopez,Bourbon,Completed,Washed / Wet,7.58,7.75,7.5,7.58,7.67,7.58,10,10,10,7.58,0,83.25,10.30%,0 full defects,1,Green,4 full defects,,"March 19th, 2022",Asociacion Nacional Del Café,"5a Calle 0-50, Zona 14 Guatemala City, Guatemala 1014",Brayan Cifuentes -
0,83.25,CQI Arabica Technical Report,Byron Gonzalez,Guatemala,LA BURBUJA,415000445,,11-63-848,"RETRILLAS DEL PACIFICO, S. A.",1500,HUEHUETENANGO,MARISA JUDITH HERRERA VILLATORO,200,69 kg,Asociacion Nacional Del Café,2020,"July 20th, 2020",Byron Gonzalez,Bourbon,Completed,Natural / Dry,7.5,7.83,7.42,7.58,7.58,7.67,10,10,10,7.67,0,83.25,10%,0 full defects,2,Green,8 full defects,,"July 20th, 2021",Asociacion Nacional Del Café,"5a Calle 0-50, Zona 14 Guatemala City, Guatemala 1014",Brayan Cifuentes -
0,83.25,Q Arabica Certificate,João Batista Jarduli,Brazil,CAFEBRAS COMERCIO DE CAFES,CB - 598/20/A - B215/20,DRY MILL,OIC - 002/1495/1305,cafebras comércio de cafes do brasil,900,CERRADO,CAFEBRAS COMÉRCIO DE CAFES,300,60 kg,Brazil Specialty Coffee Association,2019,"April 24th, 2020",João Batista Jarduli,Mundo Novo,Completed,Natural / Dry,7.42,7.67,7.58,7.67,7.75,7.58,10,10,10,7.58,0,83.25,12%,0 full defects,0,Green,2 full defects,,"April 24th, 2021",Brazil Specialty Coffee Association,"Rua Gaspar Batista Paiva, 416 – Santa Luiza Varginha/MG – Brazil",Chris Allen - 55 35 3212-4705
0,83.17,Q Arabica Certificate,Yukinobu Ueda,Colombia,Federación Nacional de Cafeteros de Colombia,3/01/12480,Federación Nacional de Cafeteros de Colombia,3/01/12480,"NIPPON COFFEE TRADING CO.,LTD.",1700,huila,Federación Nacional de Cafeteros de Colombia,273,70 kg,Japan Coffee Exchange,2019,"November 23rd, 2020",Yukinobu Ueda,Caturra,Completed,Washed / Wet,7.58,7.58,7.42,7.58,7.75,7.58,10,10,10,7.67,0,83.17,12%,0 full defects,0,greenish,0 full defects,,"November 23rd, 2021",Japan Coffee Exchange,"〒413-0002 静岡県熱海市伊豆山１１７３−５８ 1173-58 Izusan, Atami, Shizuoka, 413-0002 JAPAN",松澤　宏樹　Koju Matsuzawa - +81(0)9085642901
0,83.17,Q Arabica Certificate,"Sunvirtue Co., Ltd.",Vietnam,APOLLO Estate,Apollo Honey 2020,Dry Mill,,"Sunvirtue Co., Ltd.",1040,Dalat,"Yeh, Li Chuan",1,2 kg,Specialty Coffee Association,2020,"March 19th, 2021","Sunvirtue Co., Ltd.",Catimor,Completed,Washed / Wet,7.58,7.5,7.42,7.67,7.67,7.75,10,10,10,7.58,0,83.17,11.90%,0 full defects,0,Bluish-Green,0 full defects,,"March 19th, 2022",Specialty Coffee Association,"117 W 4th St, Suite 300 Santa Ana, CA 92701",Jessica Rodriguez - 562-999-3164
0,83.17,Q Arabica Certificate,Byron Gonzalez,Guatemala,ALTA LUZ,415000544,,11-63-1073,"RETRILLAS DEL PACIFICO, S. A.",1400,HUEHUETENANGO,MARIA DE LOS ANGELES PEREZ,100,69 kg,Asociacion Nacional Del Café,2020,"July 20th, 2020",Byron Gonzalez,Bourbon,Completed,Natural / Dry,7.58,7.83,7.42,7.58,7.5,7.58,10,10,10,7.67,0,83.17,10%,0 full defects,1,Green,5 full defects,,"July 20th, 2021",Asociacion Nacional Del Café,"5a Calle 0-50, Zona 14 Guatemala City, Guatemala 1014",Brayan Cifuentes -
0,83.17,Q Arabica Certificate,Byron Gonzalez,Guatemala,LA BURBUJA,415000445,,13-63-848,"RETRILLAS DEL PACIFICO, S. A.",1800,HUEHUETENANGO,MARISA JUDITH HERRERA VILLATORO,200,69 kg,Asociacion Nacional Del Café,2020,"August 7th, 2020",Byron Gonzalez,Bourbon,Completed,Natural / Dry,7.5,7.67,7.5,7.5,7.58,7.58,10,10,10,7.83,0,83.17,11%,0 full defects,0,Green,4 full defects,,"August 7th, 2021",Asociacion Nacional Del Café,"5a Calle 0-50, Zona 14 Guatemala City, Guatemala 1014",Brayan Cifuentes -
0,83.08,Q Arabica Certificate,Volcafe Japan,Peru,,30/543/1188,ED&F Man Volcafe Peru's dry mill in Jaen,30/543/1188,"Volcafe Limited, Japan",1550,Huabal,various farmers,275,69 kg,Japan Coffee Exchange,2020,"January 27th, 2021",Volcafe Japan,Caturra,Completed,Washed / Wet,7.67,7.42,7.58,7.42,7.75,7.67,10,10,10,7.58,0,83.08,11.50%,0 full defects,0,Green,2 full defects,,"January 27th, 2022",Japan Coffee Exchange,"〒413-0002 静岡県熱海市伊豆山１１７３−５８ 1173-58 Izusan, Atami, Shizuoka, 413-0002 JAPAN",松澤　宏樹　Koju Matsuzawa - +81(0)9085642901
0,83.08,Q Arabica Certificate,Doi Tung Development Project,Thailand,Doi Tung Development Project,JAVA 62/63 (Coffea Arabica),Dry Mill,,Doi Tung Development Project,1420,Thailand,Doi Tung Development Project,1,2 kg,Specialty Coffee Association,2020 / 2021,"August 20th, 2020",Doi Tung Development Project,Java,Completed,Pulped natural / honey,7.83,7.75,7.58,7.67,7.58,7.5,9.33,10,10,7.83,0,83.08,10%,0 full defects,0,Green,2 full defects,,"August 20th, 2021",Specialty Coffee Association,"117 W 4th St, Suite 300 Santa Ana, CA 92701",Jessica Rodriguez - 562-999-3164
0,83.08,Q Arabica Certificate,João Batista Jarduli,Brazil,CAFEBRASCOMERCIO DE CAFÉ,CB 598/20 B - B0216/20,DRY MILL,OIC- 002/1495/1306,cafebras comércio de cafes do brasil,900,CERRADO,CAFEBRAS COMERCIO DE CAFÉ,20,60 kg,Brazil Specialty Coffee Association,2019,"April 24th, 2020",João Batista Jarduli,Mundo Novo,Completed,Natural / Dry,7.5,7.58,7.58,7.83,7.5,7.5,10,10,10,7.58,0,83.08,12%,0 full defects,0,Green,1 full defects,,"April 24th, 2021",Brazil Specialty Coffee Association,"Rua Gaspar Batista Paiva, 416 – Santa Luiza Varginha/MG – Brazil",Chris Allen - 55 35 3212-4705
0,83.08,Q Arabica Certificate,"CECA, S.A.",Costa Rica,Beneficio Montañas del Diamante,10481,Beneficio Montañas del Diamante,5-0025-0284,"CECA,S.A.",1850,Tarrazú,Martín Gutierrez,300,35 kg,Specialty Coffee Association of Costa Rica,2020,"September 18th, 2020","CECA, S.A.",Caturra,Completed,Washed / Wet,7.75,7.67,7.25,7.58,7.67,7.58,10,10,10,7.58,0,83.08,10%,0 full defects,0,Green,0 full defects,,"September 18th, 2021",Specialty Coffee Association of Costa Rica,"Blvd Rohrmoser, de Prisma Dental 200 norte y 25 oeste, casa 21",Noelia Villalobos - (506) 2220 0685
0,82.92,CQI Arabica Technical Report,Byron Gonzalez,Guatemala,LAS ROSAS,415000557,,11-63-1257,"RETRILLAS DEL PACIFICO, S. A.",1500,HUEHUETENANGO,ROLANDO BELARMINO VILLATORO VILLATORO,275,69 kg,Asociacion Nacional Del Café,2020,"July 20th, 2020",Byron Gonzalez,Bourbon,Completed,Natural / Dry,7.58,7.75,7.25,7.58,7.5,7.58,10,10,10,7.67,0,82.92,10%,0 full defects,1,Green,7 full defects,,"July 20th, 2021",Asociacion Nacional Del Café,"5a Calle 0-50, Zona 14 Guatemala City, Guatemala 1014",Brayan Cifuentes -
0,82.75,Q Arabica Certificate,Yukinobu Ueda,Colombia,Federación Nacional de Cafeteros de Colombia,3/01/15365,Federación Nacional de Cafeteros de Colombia,3/01/15365,"NIPPON COFFEE TRADING Co.,LTD.",1700,Huila,Federación Nacional de Cafeteros de Colombia,237,70 kg,Japan Coffee Exchange,2019,"December 28th, 2020",Yukinobu Ueda,Caturra,Completed,Washed / Wet,7.5,7.5,7.58,7.67,7.42,7.58,10,10,10,7.5,0,82.75,11.50%,0 full defects,2,Green,0 full defects,,"December 28th, 2021",Japan Coffee Exchange,"〒413-0002 静岡県熱海市伊豆山１１７３−５８ 1173-58 Izusan, Atami, Shizuoka, 413-0002 JAPAN",松澤　宏樹　Koju Matsuzawa - +81(0)9085642901
0,82.75,Q Arabica Certificate,Volcafe Japan,Indonesia,"Arsyad, Budi",#3609,PT. Royal Pacific Indah International,,"Volcafe Limited, Japan",1400,Gayo / Takengon,"Arsyad, Budi",300,60 kg,Japan Coffee Exchange,2020,"March 26th, 2021",Volcafe Japan,Mandheling,Completed,Washed / Wet,7.58,7.42,7.5,7.58,7.5,7.67,10,10,10,7.5,0,82.75,11.90%,0 full defects,1,Bluish-Green,4 full defects,,"March 26th, 2022",Japan Coffee Exchange,"〒413-0002 静岡県熱海市伊豆山１１７３−５８ 1173-58 Izusan, Atami, Shizuoka, 413-0002 JAPAN",松澤　宏樹　Koju Matsuzawa - +81(0)9085642901
0,82.75,CQI Arabica Technical Report,ANDREAS KUSSMAUL,Mexico,Teresa,682,Exportadora de Cafe CAlifornia,VER-bc-000199 B07-2A-C23,Exportadora Café California,1700,Chiapas Villa Corzo,various,250,80 kg,Centro Agroecológico del Café A.C.,2020,"March 23rd, 2021",ANDREAS KUSSMAUL,Caturra,Completed,Washed / Wet,7.75,7.58,7.33,7.58,7.5,7.5,10,10,10,7.5,0,82.75,12.30%,0 full defects,0,Green,9 full defects,,"March 23rd, 2022",Centro Agroecológico del Café A.C.,"Instituto de Ecología A. C., Campus III Edificio A Planta Baja Carretera Antigua a Coatepec No. 351 Col. El Haya C.P. 91070 Xalapa, Veracruz, México.",Stephany Escamilla Femat - Tel. +52 228 8421800 Ext. 3092
0,82.75,CQI Arabica Technical Report,Byron Gonzalez,Guatemala,SAN JOSE DEL LAGO,11/15/54,SAN JOSE DEL LAGO,11/15/54,"PETER SCHOENFELD,S.A.",1547,ATITLAN,"CAFETALERA PAQUIM,S.A.",60,29 kg,Asociacion Nacional Del Café,2020,"April 20th, 2020",Byron Gonzalez,Bourbon,Completed,Washed / Wet,7.5,7.75,7.42,7.5,7.5,7.5,10,10,10,7.58,0,82.75,10%,0 full defects,1,Green,6 full defects,,"April 20th, 2021",Asociacion Nacional Del Café,"5a Calle 0-50, Zona 14 Guatemala City, Guatemala 1014",Brayan Cifuentes -
0,82.75,Q Arabica Certificate,João Batista Jarduli,Brazil,CAFEBRASCOMERCIO DE CAFÉS,CB 830/20,DRY MILL,,cafebras comércio de cafes do brasil,-900,CERRADO MINEIRO,CAFRBRAS COMERCIO DE CAFÉS,300,60 kg,Brazil Specialty Coffee Association,2020,"September 18th, 2020",João Batista Jarduli,Mundo Novo,Completed,Natural / Dry,7.58,7.5,7,7.83,7.67,7.5,10,10,10,7.67,0,82.75,11%,0 full defects,0,Bluish-Green,0 full defects,,"September 18th, 2021",Brazil Specialty Coffee Association,"Rua Gaspar Batista Paiva, 416 – Santa Luiza Varginha/MG – Brazil",Chris Allen - 55 35 3212-4705
0,82.67,Q Arabica Certificate,BOURBON SPECIALTY COFFEES,Brazil,Group BSC,43106613 - P-7968,Dry Mill,002/4542/0044,BOURBON SPECIALTY COFFEES,1100,Mogiana,Group BSC,327,59 kg,Brazil Specialty Coffee Association,2020 / 2021,"October 13th, 2020",BOURBON SPECIALTY COFFEES,Other,Completed,Natural / Dry,7.5,7.5,7.58,7.5,7.5,7.5,10,10,10,7.58,0,82.67,11.50%,0 full defects,2,Bluish-Green,5 full defects,,"October 13th, 2021",Brazil Specialty Coffee Association,"Rua Gaspar Batista Paiva, 416 – Santa Luiza Varginha/MG – Brazil",Chris Allen - 55 35 3212-4705
0,82.67,Q Arabica Certificate,MR.BROWN CAFE,Colombia,PITALITO,10058,Pitalito,,Mr.Brown Cafe,1574,HUILA,ALMACAFE,275,70 kg,Blossom Valley International宸嶧國際,2020,"January 21st, 2021",MR.BROWN CAFE,Caturra,Completed,Washed / Wet,7.5,7.58,7.42,7.67,7.42,7.5,10,10,10,7.58,0,82.67,10.50%,0 full defects,0,Greenish,0 full defects,,"January 21st, 2022",Blossom Valley International宸嶧國際,No.72 Mo-Fan St. Taiwan Zip: 403,Damon Chen陳嘉峻 - +886423022323
0,82.67,Q Arabica Certificate,Byron Gonzalez,Guatemala,LINDA VISTA,11-973-660,LINDA VISTA,11-973-660,"MERCON GUATEMALA, S. A.",1800,SANTA ROSA,PABLO ARTURO CHUY FLORES,275,69 kg,Asociacion Nacional Del Café,2020,"May 20th, 2020",Byron Gonzalez,Catuai,Completed,Washed / Wet,7.5,7.67,7.5,7.5,7.5,7.5,10,10,10,7.5,0,82.67,10%,0 full defects,1,Green,5 full defects,,"May 20th, 2021",Asociacion Nacional Del Café,"5a Calle 0-50, Zona 14 Guatemala City, Guatemala 1014",Brayan Cifuentes -
0,82.58,Q Arabica Certificate,Juan Manuel Sanchez Silvestre,Honduras,La cuesta,366,Dry Mill,13-111-208,Mercon Honduras,1500,San Andres Lempira,Bernardina SDanchez,92,30 kg,Instituto Hondureño del Café,2019,"September 23rd, 2020",Juan Manuel Sanchez Silvestre,Catuai,Completed,Washed / Wet,7.75,7.58,7.33,7.5,7.5,7.42,10,10,10,7.5,0,82.58,10%,0 full defects,0,Green,2 full defects,,"September 23rd, 2021",Instituto Hondureño del Café,"Laboratorio de Control de Calidad de Café ( CNCC), 33 Calle, 1-2 Avenida, Sector El Cacao. San Pedro Sula, Cortes",Ramon Reyes - + 504 9693-9042
0,82.58,CQI Arabica Technical Report,PTRAAS,Indonesia,"Pondokbaru, Benermeriah",ptraas no.2,"Pondokbaru, Benermeriah",15/3515/57 & 15/3515/58,PT Rajawali Artha Agro Sejahtera (PTRAAS),1200,Sumatra,PT. Rajawali Artha Agro Sejahtera,320,60 kg,Specialty Coffee Association of Indonesia,2020,"June 22nd, 2020",PTRAAS,Mandheling,Completed,Washed / Wet,7.5,7.75,7.17,7.75,7.42,7.42,10,10,10,7.58,0,82.58,12%,0 full defects,4,Green,7 full defects,,"June 22nd, 2021",Specialty Coffee Association of Indonesia,"Ministry of Agriculture Republic Indonesia, Build C 5th Floor wing B Room 515 . Jl. Harsono RM No. 3, Ragunan, South Jakarta, Jakarta",Mahardini Farizki - 081284251303 / 085780031543
0,82.58,Q Arabica Certificate,CAFES TOMARI SA DE CV,Mexico,FINCA IXHUATLAN,100,CAFES TOMARI S.A DE C.V.,,Centro Agroecológico del Café A. C.,1350,Veracruz,CAFES TOMARI S.A DE C.V,275,69 kg,Centro Agroecológico del Café A.C.,2021,"March 19th, 2021",CAFES TOMARI SA DE CV,Bourbon,Completed,Washed / Wet,7.75,7.58,7.25,7.58,7.5,7.5,10,10,10,7.42,0,82.58,11.60%,0 full defects,0,Green,1 full defects,,"March 19th, 2022",Centro Agroecológico del Café A.C.,"Instituto de Ecología A. C., Campus III Edificio A Planta Baja Carretera Antigua a Coatepec No. 351 Col. El Haya C.P. 91070 Xalapa, Veracruz, México.",Stephany Escamilla Femat - Tel. +52 228 8421800 Ext. 3092
0,82.5,Q Arabica Certificate,Wilson Gonzalez Ramos,Ecuador,Various,001 Sumitomo,Agrogora Ltda,Q-081,AGROGORA LTA & Asociación de Cafés Especiales del Ecuador,1200,"Andes Mountains (Imbabura, Loja, Zamora)",Several Producers of the Region,250,69 kg,ASOCIACIÓN COLOMBIANA PARA LA EXCELENCIA DEL CAFE,2020,"October 7th, 2020",Wilson Gonzalez Ramos,Other,Completed,Washed / Wet,7.58,7.92,7.25,7.33,7.58,7.42,10,10,10,7.42,0,82.5,10.50%,0 full defects,0,Green,1 full defects,,"October 7th, 2021",ASOCIACIÓN COLOMBIANA PARA LA EXCELENCIA DEL CAFE,calle 70a #7-82 of. 602,Gabriela Salcedo - 3186238650
0,82.5,CQI Arabica Technical Report,BOURBON SPECIALTY COFFEES,Brazil,CACHOEIRA DA GRAMA,43106720 - K28761,DRY MILL,002/4542/0108,BOURBON SPECIALTY COFFEES,1100,SUL DE MINAS,GABRIEL DE CARVALHO DIAS,300,59 kg,Brazil Specialty Coffee Association,2020 / 2021,"November 2nd, 2020",BOURBON SPECIALTY COFFEES,Yellow Bourbon,Completed,Pulped natural / honey,7.5,7.42,7.33,7.58,7.58,7.58,10,10,10,7.5,0,82.5,12%,0 full defects,2,Green,6 full defects,,"November 2nd, 2021",Brazil Specialty Coffee Association,"Rua Gaspar Batista Paiva, 416 – Santa Luiza Varginha/MG – Brazil",Chris Allen - 55 35 3212-4705
0,82.5,Q Arabica Certificate,Ikuto Uehara,Brazil,not specificated,002/1738/0120,dry mil of Cocapil cooperative,,Marubeni Corporation,1250,Alta Mogiana,Cocapil cooperative,440,60 kg,Japan Coffee Exchange,2020 / 2021,"December 7th, 2020",Ikuto Uehara,Other,Completed,Natural / Dry,7.67,7.42,7.5,7.42,7.5,7.5,10,10,10,7.5,0,82.5,11.50%,0 full defects,2,Yellow Green,0 full defects,,"December 7th, 2021",Japan Coffee Exchange,"〒413-0002 静岡県熱海市伊豆山１１７３−５８ 1173-58 Izusan, Atami, Shizuoka, 413-0002 JAPAN",松澤　宏樹　Koju Matsuzawa - +81(0)9085642901
0,82.5,Q Arabica Certificate,Ikuto Uehara,Guatemala,Not Specificated,11/63/311,Dry Mill of Exportcafe,,Marubeni Corporation,1550,Guatemala Huehuetenango,"Exportcafe, S.A.",275,69 kg,Japan Coffee Exchange,2020,"September 1st, 2020",Ikuto Uehara,Other,Completed,Washed / Wet,7.5,7.42,7.5,7.5,7.5,7.58,10,10,10,7.5,0,82.5,12%,0 full defects,1,Green,2 full defects,,"September 1st, 2021",Japan Coffee Exchange,"〒413-0002 静岡県熱海市伊豆山１１７３−５８ 1173-58 Izusan, Atami, Shizuoka, 413-0002 JAPAN",松澤　宏樹　Koju Matsuzawa - +81(0)9085642901
0,82.5,Q Arabica Certificate,Mandalay Coffee Group,Myanmar,Mandalay Coffee Group,YN/MX/DF/1920 - Sugihara,Mandalay Coffee Group,,Mandalay Coffee Group,1100,"Ywangan, Shan State, Myanmar",Ywangan small farmers,300,40 kg,Blossom Valley International宸嶧國際,2020,"May 14th, 2020",Mandalay Coffee Group,Catuai,Completed,Washed / Wet,7.58,7.58,7.25,7.58,7.42,7.58,10,10,10,7.5,0,82.5,10%,0 full defects,0,Bluish-Green,0 full defects,,"May 14th, 2021",Blossom Valley International宸嶧國際,No.72 Mo-Fan St. Taiwan Zip: 403,Damon Chen陳嘉峻 - +886423022323
0,82.33,Q Arabica Certificate,Byron Gonzalez,Guatemala,FINCA MEDINA,11/11711/77,FINCA MEDINA,11/11711/77,"SIEMBRAS VISIÓN, S. A.",1650,ANTIGUA,"SIEMBRAS VISIÓN, S. A.",250,69 kg,Asociacion Nacional Del Café,2020,"May 21st, 2020",Byron Gonzalez,Caturra,Completed,Washed / Wet,7.5,7.5,7.33,7.5,7.58,7.5,10,10,10,7.42,0,82.33,10%,0 full defects,1,Green,5 full defects,,"May 21st, 2021",Asociacion Nacional Del Café,"5a Calle 0-50, Zona 14 Guatemala City, Guatemala 1014",Brayan Cifuentes -
0,82.33,Q Arabica Certificate,MR.BROWN CAFE,Nicaragua,Finca Aurora,1,Beneficio - Finca Aurora,,MR.BROWN CAFE,1200,"Matagalpa, Nicaragua",Enrique Ferrufino,280,69 kg,Blossom Valley International宸嶧國際,2020 / 2021,"November 7th, 2020",MR.BROWN CAFE,Caturra,Completed,Washed / Wet,7.58,7.5,7.33,7.67,7.25,7.5,10,10,10,7.5,0,82.33,10.50%,0 full defects,0,yellow-green,0 full defects,,"November 7th, 2021",Blossom Valley International宸嶧國際,No.72 Mo-Fan St. Taiwan Zip: 403,Damon Chen陳嘉峻 - +886423022323
0,82.33,Q Arabica Certificate,Welson de Lacerda Barbosa,Brazil,Fazenda Cachoeira,S012895-2,DRY MILL,002/1145/1175,Olam Agricola,1150,Cerrado,Danilo Barbosa,1280,76800 kg,Brazil Specialty Coffee Association,2020,"January 20th, 2021",Welson de Lacerda Barbosa,Catuai,Completed,Natural / Dry,7.5,7.42,7.25,7.5,7.67,7.5,10,10,10,7.5,0,82.33,11.50%,0 full defects,0,Green,4 full defects,,"January 20th, 2022",Brazil Specialty Coffee Association,"Rua Gaspar Batista Paiva, 416 – Santa Luiza Varginha/MG – Brazil",Chris Allen - 55 35 3212-4705
0,82.25,CQI Arabica Technical Report,ANDREAS KUSSMAUL,Mexico,Finca Custepec,016-2028-368,Finca Custepec,016-2028-368,Exportadora Café California,1300,Chiapas,Armando Pohlenz,250,17250 kg,Centro Agroecológico del Café A.C.,2019,"April 1st, 2020",ANDREAS KUSSMAUL,Sarchimor,Completed,Washed / Wet,7.33,7.58,7.25,7.58,7.5,7.5,10,10,10,7.5,0,82.25,12%,2 full defects,1,Green,8 full defects,,"April 1st, 2021",Centro Agroecológico del Café A.C.,"Instituto de Ecología A. C., Campus III Edificio A Planta Baja Carretera Antigua a Coatepec No. 351 Col. El Haya C.P. 91070 Xalapa, Veracruz, México.",Stephany Escamilla Femat - Tel. +52 228 8421800 Ext. 3092
0,82.25,CQI Arabica Technical Report,João Batista Jarduli,Brazil,CAFEBRAS COMERCIO DE CAFES DO BRASIL S/A,CB830/20,DRY,,cafebras comércio de cafes do brasil,1.1,CERRADO,CAFEBRAS COMERCIO DE CAFÉS DO BRASIL S/A,300,300 kg,Brazil Specialty Coffee Association,2020 / 2021,"September 15th, 2020",João Batista Jarduli,Mundo Novo,Completed,Natural / Dry,7.33,7.42,7.08,7.92,7.5,7.5,10,10,10,7.5,0,82.25,11%,1 full defects,1,Bluish-Green,15 full defects,,"September 15th, 2021",Brazil Specialty Coffee Association,"Rua Gaspar Batista Paiva, 416 – Santa Luiza Varginha/MG – Brazil",Chris Allen - 55 35 3212-4705
0,82.17,Q Arabica Certificate,Byron Gonzalez,Guatemala,FINCA AURORA,11/993/06,FINCA AURORA,11/993/06,"CEPA CENTROAMERICA, S. A.",1450,COBÁN ALTA VERAPAZ,"POLA, S. A.",25,69 kg,Asociacion Nacional Del Café,2020,"May 26th, 2020",Byron Gonzalez,Caturra,Completed,Washed / Wet,7.42,7.5,7.25,7.5,7.5,7.5,10,10,10,7.5,0,82.17,10%,0 full defects,1,Green,2 full defects,,"May 26th, 2021",Asociacion Nacional Del Café,"5a Calle 0-50, Zona 14 Guatemala City, Guatemala 1014",Brayan Cifuentes -
0,82.17,Q Arabica Certificate,Yukinobu Ueda,Guatemala,Unex(Guatemala),11/23/765,Unex(Guatemala),11/23/765,"NIPONN COFFEE TRADING CO.,LTD.",1400,Oriente,Unex(Guatemala),186,69 kg,Japan Coffee Exchange,2019,"December 28th, 2020",Yukinobu Ueda,Bourbon,Completed,Washed / Wet,7.5,7.5,7.33,7.42,7.5,7.42,10,10,10,7.5,0,82.17,12%,0 full defects,1,Bluish-Green,2 full defects,,"December 28th, 2021",Japan Coffee Exchange,"〒413-0002 静岡県熱海市伊豆山１１７３−５８ 1173-58 Izusan, Atami, Shizuoka, 413-0002 JAPAN",松澤　宏樹　Koju Matsuzawa - +81(0)9085642901
0,82.17,Q Arabica Certificate,Yukinobu Ueda,Guatemala,Unex(Guatemala),11/23/05,Unex(Guatemala),11/23/05,"NIPPON COFFEE TRADING CO.,LTD.",1400,Oriente,Unex(Guatemala),206,69 kg,Japan Coffee Exchange,2020,"February 18th, 2021",Yukinobu Ueda,Bourbon,Completed,Washed / Wet,7.58,7.5,7.33,7.5,7.33,7.42,10,10,10,7.5,0,82.17,11.50%,0 full defects,2,greenish,3 full defects,,"February 18th, 2022",Japan Coffee Exchange,"〒413-0002 静岡県熱海市伊豆山１１７３−５８ 1173-58 Izusan, Atami, Shizuoka, 413-0002 JAPAN",松澤　宏樹　Koju Matsuzawa - +81(0)9085642901
0,82.08,Q Arabica Certificate,Ruddy Azofeifa,Costa Rica,HACIENDA SAN IGNACIO,HACIENDA SAN IGNACIO,LA GIORGIA,5-019-0023,Grupo ECOM,1200,CENTRAL VALLEY,HACIENDA SAN IGNACIO,275,18975 kg,Specialty Coffee Association of Costa Rica,2020 / 2021,"December 8th, 2020",Ruddy Azofeifa,Caturra,Completed,Washed / Wet,7.42,7.42,7.25,7.42,7.58,7.58,10,10,10,7.42,0,82.08,10%,0 full defects,0,Blue-Green,3 full defects,,"December 8th, 2021",Specialty Coffee Association of Costa Rica,"Blvd Rohrmoser, de Prisma Dental 200 norte y 25 oeste, casa 21",Noelia Villalobos - (506) 2220 0685
0,82.08,Q Arabica Certificate,Takanori Suzuki,Guatemala,MARIA ISABEL,11/23/560,RIO COLORADO,11/23/560,"Tokyo Allied Coffee Roasters Co.,Ltd.",1600,Fraijanes,UNEX,275,69 kg,Japan Coffee Exchange,2019,"October 27th, 2020",Takanori Suzuki,Bourbon,Completed,Washed / Wet,7.67,7.5,7.33,7.42,7.33,7.42,10,10,10,7.42,0,82.08,12%,0 full defects,1,Green,4 full defects,,"October 27th, 2021",Japan Coffee Exchange,"〒413-0002 静岡県熱海市伊豆山１１７３−５８ 1173-58 Izusan, Atami, Shizuoka, 413-0002 JAPAN",松澤　宏樹　Koju Matsuzawa - +81(0)9085642901
0,82,CQI Arabica Technical Report,Consejo Salvadoreño del Café,El Salvador,Agua Caliente,Jan-13,Agua Caliente,09/392/68,Consejo Salvadoreño del Café,1200,Apaneca-Ilamatepec,"J.J. Borja Nathan, S.A. de C.V.",250,69 kg,Salvadoran Coffee Council,2021,"March 26th, 2021",Consejo Salvadoreño del Café,Bourbon,Completed,Washed / Wet,7.17,7.5,7,7.5,7.67,7.67,10,10,10,7.5,0,82,0%,0 full defects,5,Bluish-Green,2 full defects,,"March 26th, 2022",Salvadoran Coffee Council,"Final 1a. Av. Norte y 13 Calle Pte., dentro de las instalaciones del MAG",Tomas Bonilla - (503) 2505-6600
0,82,Q Arabica Certificate,"Lin, Che-Hao Krude 林哲豪",Taiwan,十萬咖啡（Shin Wan café),2020臺南市精品咖啡評鑑批次,十萬咖啡（Shin Wan café),,TCL 台灣咖啡研究室,680,"Dongshan Dist., Tainan City",陳英俊 (Chen Ying Jun),2,50 kg,NKG Quality Service (a division of Bernhard Rothfos Intercafé AG),2020,"September 1st, 2020","Lin, Che-Hao Krude 林哲豪",Gesha,Completed,Pulped natural / honey,7.5,7.5,7.42,7.17,7.58,7.42,10,10,10,7.42,0,82,13%,0 full defects,0,None,1 full defects,,"September 1st, 2021",NKG Quality Service (a division of Bernhard Rothfos Intercafé AG),"Bahnhofstrasse 22 6300 Zug, Switzerland",Gloria Pedroza - +41417287296
0,81.92,Q Arabica Certificate,COSECHA BIENESTAR SAPI DE CV,Mexico,FINCA PLUMA HIDALGO,17,COSECHA BIENESTAR SAPI SA DE CV,,Centro Agroecológico del Café A. C.,1300,Mexico,COSECHA BIENESTAR SAPI DE CV,275,69 kg,Centro Agroecológico del Café A.C.,2019,"August 17th, 2020",COSECHA BIENESTAR SAPI DE CV,Typica,Completed,Washed / Wet,7.5,7.5,7.25,7.42,7.33,7.33,10,10,10,7.58,0,81.92,11%,0 full defects,0,Green,0 full defects,,"August 17th, 2021",Centro Agroecológico del Café A.C.,"Instituto de Ecología A. C., Campus III Edificio A Planta Baja Carretera Antigua a Coatepec No. 351 Col. El Haya C.P. 91070 Xalapa, Veracruz, México.",Stephany Escamilla Femat - Tel. +52 228 8421800 Ext. 3092
0,81.83,Q Arabica Certificate,Yukinobu Ueda,Guatemala,Unex(Guatemala),11/23/42,Unex(Guatemala),11/23/42,"NIPPON COFFEE TRADING CO.,LTD",1400,Oriente,Unex(Guatemala),250,69 kg,Japan Coffee Exchange,2019,"November 23rd, 2020",Yukinobu Ueda,Bourbon,Completed,Washed / Wet,7.42,7.42,7.5,7.42,7.33,7.33,10,10,10,7.42,0,81.83,12%,0 full defects,0,greenish,1 full defects,,"November 23rd, 2021",Japan Coffee Exchange,"〒413-0002 静岡県熱海市伊豆山１１７３−５８ 1173-58 Izusan, Atami, Shizuoka, 413-0002 JAPAN",松澤　宏樹　Koju Matsuzawa - +81(0)9085642901
0,81.75,Q Arabica Certificate,Ikuto Uehara,Brazil,not specificated,002/1738/0121,dry mil of Cocapil cooperative,002/1738/0121,Marubeni Corporation,1250,alta mogiana,Cocapil cooperative,430,60 kg,Japan Coffee Exchange,2020 / 2021,"October 27th, 2020",Ikuto Uehara,Other,Completed,Natural / Dry,7.58,7.25,7.33,7.42,7.42,7.33,10,10,10,7.42,0,81.75,11.50%,0 full defects,2,Green,2 full defects,,"October 27th, 2021",Japan Coffee Exchange,"〒413-0002 静岡県熱海市伊豆山１１７３−５８ 1173-58 Izusan, Atami, Shizuoka, 413-0002 JAPAN",松澤　宏樹　Koju Matsuzawa - +81(0)9085642901
0,81.75,Q Arabica Certificate,"Lin, Che-Hao Krude 林哲豪",Taiwan,御香咖啡園 (Yuxiang Coffee Garden),2020 臺南市精品咖啡評鑑批次,御香咖啡園 (Yuxiang Coffee Garden),,TCL 台灣咖啡研究室,650,"Dongshan Dist., Tainan City","陳建源 (CHEN, CHIEN-YUAN)",20,50 kg,NKG Quality Service (a division of Bernhard Rothfos Intercafé AG),2019,"September 1st, 2020","Lin, Che-Hao Krude 林哲豪",Other,Completed,Washed / Wet,7.33,7.5,7.25,7.25,7.75,7.33,10,10,10,7.33,0,81.75,11%,0 full defects,0,Bluish-Green,0 full defects,,"September 1st, 2021",NKG Quality Service (a division of Bernhard Rothfos Intercafé AG),"Bahnhofstrasse 22 6300 Zug, Switzerland",Gloria Pedroza - +41417287296
0,81.75,CQI Arabica Technical Report,João Batista Jarduli,Brazil,CAFEBRAS COMERCIO DE CAFÉ,CB598/20 A - B0215/20,DRY MILL,,cafebras comércio de cafes do brasil,900,CERRADO MINEIRO,CAFEBRAS COMERCIO DE CAFÉ,300,60 kg,Brazil Specialty Coffee Association,2019,"April 17th, 2020",João Batista Jarduli,Mundo Novo,Completed,Natural / Dry,7.25,7.42,7.25,7.58,7.5,7.33,10,10,10,7.42,0,81.75,11%,0 full defects,0,,7 full defects,,"April 17th, 2021",Brazil Specialty Coffee Association,"Rua Gaspar Batista Paiva, 416 – Santa Luiza Varginha/MG – Brazil",Chris Allen - 55 35 3212-4705
0,81.75,CQI Arabica Technical Report,João Batista Jarduli,Brazil,CAFEBRASCOMERCIO DECAFE,CB598/20 B - B0216/20,DRY MILL,,cafebras comércio de cafes do brasil,900,CERRADO,CAFEBRAS COMERCIODE CAFÉ,20,60 kg,Brazil Specialty Coffee Association,2019,"April 17th, 2020",João Batista Jarduli,Mundo Novo,Completed,Natural / Dry,7.33,7.5,7.25,7.42,7.33,7.5,10,10,10,7.42,0,81.75,11%,0 full defects,0,Green,6 full defects,,"April 17th, 2021",Brazil Specialty Coffee Association,"Rua Gaspar Batista Paiva, 416 – Santa Luiza Varginha/MG – Brazil",Chris Allen - 55 35 3212-4705
0,81.67,Q Arabica Certificate,PTRAAS,Indonesia,"Pondokbaru, Benermeriah",ptraas no.2,"Pondokbaru, Benermeriah",15/3515/57 & 15/3515/58,PT Rajawali Artha Agro Sejahtera (PTRAAS),1200,sumatra,PT. Rajawali Artha Agro Sejahtera,320,60 kg,Specialty Coffee Association of Indonesia,2020,"September 29th, 2020",PTRAAS,Mandheling,Completed,Washed / Wet,7.42,7.33,7.42,7.42,7.33,7.42,10,10,10,7.33,0,81.67,12%,0 full defects,3,Green,4 full defects,,"September 29th, 2021",Specialty Coffee Association of Indonesia,"Ministry of Agriculture Republic Indonesia, Build C 5th Floor wing B Room 515 . Jl. Harsono RM No. 3, Ragunan, South Jakarta, Jakarta",Mahardini Farizki - 081284251303 / 085780031543
0,81.67,Q Arabica Certificate,Juan Manuel Sanchez Silvestre,Honduras,Las Cuchillas,320,Dry Mill,13-111-195,Mercon Honduras,1500,Comayagua,Fausto Nahun Maldonado,275,69 kg,Instituto Hondureño del Café,2020,"June 2nd, 2020",Juan Manuel Sanchez Silvestre,Catuai,Completed,Washed / Wet,7.58,7.5,7.17,7.25,7.33,7.42,10,10,10,7.42,0,81.67,11%,0 full defects,0,Green,4 full defects,,"June 2nd, 2021",Instituto Hondureño del Café,"Laboratorio de Control de Calidad de Café ( CNCC), 33 Calle, 1-2 Avenida, Sector El Cacao. San Pedro Sula, Cortes",Ramon Reyes - + 504 9693-9042
0,81.67,Q Arabica Certificate,Janny Marlith Torres,Honduras,El Ejido,353,"desculpado, lavado y secado en secadoras solares",13-154-185,Coffee planet Corporation S.A,1600,Copan,Origenes Coffee Plantation,150,69 kg,Instituto Hondureño del Café,2020,"May 21st, 2020",Janny Marlith Torres,Catuai,Completed,Washed / Wet,7.58,7.42,7.25,7.33,7.42,7.25,10,10,10,7.42,0,81.67,10%,0 full defects,0,Green,2 full defects,,"May 21st, 2021",Instituto Hondureño del Café,"Laboratorio de Control de Calidad de Café ( CNCC), 33 Calle, 1-2 Avenida, Sector El Cacao. San Pedro Sula, Cortes",Ramon Reyes - + 504 9693-9042
0,81.58,Q Arabica Certificate,MR.BROWN CAFE,Brazil,Fazenda Bom Jardim,1,Dry mill,,Mr.Brown Cafe,1100,"Minas Gerais state, Cerrado region",Lucas V. Nascimento,320,60 kg,Blossom Valley International宸嶧國際,2019,"November 7th, 2020",MR.BROWN CAFE,Bourbon,Completed,Natural / Dry,7.33,7.33,7.33,7.25,7.58,7.33,10,10,10,7.42,0,81.58,10.50%,0 full defects,0,greenish,0 full defects,,"November 7th, 2021",Blossom Valley International宸嶧國際,No.72 Mo-Fan St. Taiwan Zip: 403,Damon Chen陳嘉峻 - +886423022323
0,81.5,CQI Arabica Technical Report,Angelica Paola Citan Lopez,Guatemala,LINDA VISTA,11-973-1040,LINDA VISTA,11-973-1040,"MERCON GUATEMALA, S. A.",1800,SANTA ROSA,PABLO ARTURO CHUY FLORES,275,69 kg,Asociacion Nacional Del Café,2020,"September 9th, 2020",Angelica Paola Citan Lopez,Catuai,Completed,Natural / Dry,7.25,7.42,7.17,7.58,7.33,7.42,10,10,10,7.33,0,81.5,10%,0 full defects,3,Green,9 full defects,,"September 9th, 2021",Asociacion Nacional Del Café,"5a Calle 0-50, Zona 14 Guatemala City, Guatemala 1014",Brayan Cifuentes -
0,81.42,Q Arabica Certificate,Consejo Salvadoreño del Café,El Salvador,TRES VOLCANES,6,ACPA. ATAISI DE R.L.,9,Consejo Salvadoreño del Café,1400,APANECA - ILAMATEPEC,ACPA. ATAISI DE R.L.,275,69 kg,Salvadoran Coffee Council,2019,"May 19th, 2020",Consejo Salvadoreño del Café,Bourbon,Completed,Washed / Wet,7.25,7.58,7.33,7.42,7.25,7.33,10,10,10,7.25,0,81.42,0%,0 full defects,3,Bluish-Green,2 full defects,,"May 19th, 2021",Salvadoran Coffee Council,"Final 1a. Av. Norte y 13 Calle Pte., dentro de las instalaciones del MAG",Tomas Bonilla - (503) 2505-6600
0,81.33,CQI Arabica Technical Report,Ikuto Uehara,Colombia,various farms,3/37/03931,dry mill,3/37/03931,Marubeni Corporation,1550,mainly middle of colombia,racafe,375,70 kg,Japan Coffee Exchange,2019,"October 27th, 2020",Ikuto Uehara,Other,Completed,Washed / Wet,7.42,7.25,7.33,7.25,7.33,7.42,10,10,10,7.33,0,81.33,12%,0 full defects,3,Green,8 full defects,,"October 27th, 2021",Japan Coffee Exchange,"〒413-0002 静岡県熱海市伊豆山１１７３−５８ 1173-58 Izusan, Atami, Shizuoka, 413-0002 JAPAN",松澤　宏樹　Koju Matsuzawa - +81(0)9085642901
0,81.33,Q Arabica Certificate,Byron Gonzalez,Guatemala,BENEFICIO EL TORREON,11/23/473,BENEFICIO IXCHEL,11/23/473,"UNEX (GUATEMALA), S. A.",1901.64,oriente,AGROINDUSTRIAS CAFETALERAS,100,69 kg,Asociacion Nacional Del Café,2020,"April 21st, 2020",Byron Gonzalez,Bourbon,Completed,Washed / Wet,7.42,7.5,7.17,7.42,7.25,7.33,10,10,10,7.25,0,81.33,9%,0 full defects,2,Green,4 full defects,,"April 21st, 2021",Asociacion Nacional Del Café,"5a Calle 0-50, Zona 14 Guatemala City, Guatemala 1014",Brayan Cifuentes -
0,81.25,Q Arabica Certificate,Ikuto Uehara,Honduras,Not specificated,13/186/046,Dry Mill of Safracafe,13/186/046,Marubeni Corporation,1350,Honduras Copan,Aprocafesca,282,69 kg,Japan Coffee Exchange,2020,"October 27th, 2020",Ikuto Uehara,Other,Completed,Washed / Wet,7.5,7.33,7.25,7.33,7.25,7.25,10,10,10,7.33,0,81.25,12%,0 full defects,2,Green,0 full defects,,"October 27th, 2021",Japan Coffee Exchange,"〒413-0002 静岡県熱海市伊豆山１１７３−５８ 1173-58 Izusan, Atami, Shizuoka, 413-0002 JAPAN",松澤　宏樹　Koju Matsuzawa - +81(0)9085642901
0,81.25,Q Arabica Certificate,Beneficio Santa Rosa,Honduras,Cluster Beneficio Santa Rosa,24,Beneficio Santa Rosa,13123033,Beneficio Santa Rosa,1250,Copan,Beneficio Santa Rosa,275,69 kg,Instituto Hondureño del Café,2021,"February 23rd, 2021",Beneficio Santa Rosa,Catuai,Completed,Washed / Wet,7.5,7.33,7.17,7.17,7.42,7.33,10,10,10,7.33,0,81.25,10.60%,0 full defects,1,Green,1 full defects,,"February 23rd, 2022",Instituto Hondureño del Café,"Laboratorio de Control de Calidad de Café ( CNCC), 33 Calle, 1-2 Avenida, Sector El Cacao. San Pedro Sula, Cortes",Ramon Reyes - + 504 9693-9042
0,81.08,CQI Arabica Technical Report,PTRAAS,Indonesia,"Pondokbaru, Benermeriah",ptraas no.2,"Pondokbaru, Benermeriah",15/3515/57 & 15/3515/58,PT Rajawali Artha Agro Sejahtera (PTRAAS),1200,sumatra,PT. Rajawali Artha Agro Sejahtera,320,60 kg,Specialty Coffee Association of Indonesia,2020,"July 20th, 2020",PTRAAS,Mandheling,Completed,Washed / Wet,7.33,7.33,7.17,7.5,7.42,7.08,10,10,10,7.25,0,81.08,12%,0 full defects,8,Green,4 full defects,,"July 20th, 2021",Specialty Coffee Association of Indonesia,"Ministry of Agriculture Republic Indonesia, Build C 5th Floor wing B Room 515 . Jl. Harsono RM No. 3, Ragunan, South Jakarta, Jakarta",Mahardini Farizki - 081284251303 / 085780031543
0,81,Q Arabica Certificate,Compañia Hondureña del Cafe S.A de c.v.,Honduras,Cerro Negro,2668,seco,13-108-1054,Compañia Hondureña del Café S.A. de C.V.,1400,"Zona de Santa Marta, municipio de San Marcos, departamento de Ocotepeque, Honduras",Feliciano Rivera,275,69 kg,Instituto Hondureño del Café,2019,"July 9th, 2020",Compañia Hondureña del Cafe S.A de c.v.,Catimor,Completed,Washed / Wet,7.5,7.33,7.08,7.17,7.5,7.25,10,10,10,7.17,0,81,10%,0 full defects,0,Green,5 full defects,,"July 9th, 2021",Instituto Hondureño del Café,"Laboratorio de Control de Calidad de Café ( CNCC), 33 Calle, 1-2 Avenida, Sector El Cacao. San Pedro Sula, Cortes",Ramon Reyes - + 504 9693-9042
0,81,CQI Arabica Technical Report,Ruddy Azofeifa,Costa Rica,HACIENDA SAN IGNACIO,HACIENDA SAN IGNACIO,LA GIORGIA,,CAFETALERA INTERNACIONAL CAFINTER S.A,1200,CENTRAL VALLEY,HACIENDA SAN IGNACIO,275,18975 kg,Specialty Coffee Association of Costa Rica,2020 / 2021,"November 30th, 2020",Ruddy Azofeifa,Caturra,Completed,Washed / Wet,7.58,7.25,7.08,7.42,7.17,7.33,10,10,10,7.17,0,81,11%,0 full defects,18,Green,5 full defects,,"November 30th, 2021",Specialty Coffee Association of Costa Rica,"Blvd Rohrmoser, de Prisma Dental 200 norte y 25 oeste, casa 21",Noelia Villalobos - (506) 2220 0685
0,80.83,Q Arabica Certificate,Yukinobu Ueda,Nicaragua,Mercon Coffee Group CISA,017/001/623-1663,Mercon Coffee Group CISA,017/001/623-1663,NCC,1300,Matagalpa,Mercon Coffee Group CISA,165,69 kg,Japan Coffee Exchange,2019,"October 27th, 2020",Yukinobu Ueda,Catuai,Completed,Washed / Wet,7.33,7.25,7.25,7.25,7.25,7.25,10,10,10,7.25,0,80.83,12%,0 full defects,2,Green,0 full defects,,"October 27th, 2021",Japan Coffee Exchange,"〒413-0002 静岡県熱海市伊豆山１１７３−５８ 1173-58 Izusan, Atami, Shizuoka, 413-0002 JAPAN",松澤　宏樹　Koju Matsuzawa - +81(0)9085642901
0,80.75,CQI Arabica Technical Report,Asociación Aldea Global Jinotega,Nicaragua,Aldea Global,P48161,Aldea Coffee,017/191/1841,Asociación Aldea Global Jinotega,1100,Matagalpa,Aldea Global,275,69 kg,Asociación de Cafés Especiales de Nicaragua,2020,"July 14th, 2020",Asociación Aldea Global Jinotega,SHG,Completed,Washed / Wet,7.33,7.17,6.83,7.25,7.5,7.33,10,10,10,7.33,0,80.75,12%,3 full defects,2,Green,12 full defects,,"July 14th, 2021",Asociación de Cafés Especiales de Nicaragua,"Del Hotel Seminole 2 C al lago, 1 C arriba.",Maria Ines Benavidez Toval - 011-(505)-8396 4717
0,80.67,CQI Arabica Technical Report,Consejo Salvadoreño del Café,El Salvador,TUXPAL,1,TUXPAL,09-392-97,Consejo Salvadoreño del Café,1200,Apaneca-Ilamatepec,"Tejemet, S.A. de C.V.",275,69 kg,Salvadoran Coffee Council,2019,"July 17th, 2020",Consejo Salvadoreño del Café,Bourbon,Completed,Washed / Wet,7.08,7.08,7,7.42,7.42,7.33,10,10,10,7.33,0,80.67,0%,0 full defects,1,Green,6 full defects,,"July 17th, 2021",Salvadoran Coffee Council,"Final 1a. Av. Norte y 13 Calle Pte., dentro de las instalaciones del MAG",Tomas Bonilla - (503) 2505-6600
0,80.42,Q Arabica Certificate,MR.BROWN CAFE,Guatemala,Cascajal Farm,1,SCL Mill,,Mr.Brown Cafe,1550,Guatemala Oriente,Amado Palencia,275,69 kg,Blossom Valley International宸嶧國際,2020,"January 21st, 2021",MR.BROWN CAFE,Other,Completed,Washed / Wet,7.17,7.33,7.08,7.25,7.17,7.17,10,10,10,7.25,0,80.42,11.50%,0 full defects,0,Green,0 full defects,,"January 21st, 2022",Blossom Valley International宸嶧國際,No.72 Mo-Fan St. Taiwan Zip: 403,Damon Chen陳嘉峻 - +886423022323
0,80.17,Q Arabica Certificate,Alexis Rodriguez,Brazil,Alto Cafezal,1585841,Wolthers,002/4317/0084,Nestle Nespresso SA,1400,Cerrado,Alto Cafezal,320,60 kg,NKG Quality Service (a division of Bernhard Rothfos Intercafé AG),2019,"November 4th, 2020",Alexis Rodriguez,Catuai,Completed,Natural / Dry,7.08,7.08,7.25,7.42,7.42,6.92,10,10,10,7,0,80.17,11%,0 full defects,2,Yellow-Green - Natural coffee,4 full defects,,"November 4th, 2021",NKG Quality Service (a division of Bernhard Rothfos Intercafé AG),"Bahnhofstrasse 22 6300 Zug, Switzerland",Gloria Pedroza - +41417287296
0,80.08,Q Arabica Certificate,"Lin, Che-Hao Krude 林哲豪",Taiwan,175 coffee,2020 臺南市精品咖啡評鑑批次,175 coffee,,TCL 台灣咖啡研究室,650,"Dongshan Dist., Tainan City",賴東卿 (Don-chin-Lai),5,50 kg,NKG Quality Service (a division of Bernhard Rothfos Intercafé AG),2019,"September 1st, 2020","Lin, Che-Hao Krude 林哲豪",Other,Completed,Washed / Wet,7.33,7.17,6.92,6.92,7.33,7.42,10,10,10,7,0,80.08,11%,0 full defects,0,Bluish-Green,0 full defects,,"September 1st, 2021",NKG Quality Service (a division of Bernhard Rothfos Intercafé AG),"Bahnhofstrasse 22 6300 Zug, Switzerland",Gloria Pedroza - +41417287296
0,80.08,CQI Arabica Technical Report,PTRAAS,Indonesia,"Pondokbaru, Benermeriah",ptraas no.2,"Pondokbaru, Benermeriah",15/3515/57 & 15/3515/58,PT Rajawali Artha Agro Sejahtera (PTRAAS),1200,sumatra,PT. Rajawali Artha Agro Sejahtera,320,60 kg,Specialty Coffee Association of Indonesia,2020,"August 19th, 2020",PTRAAS,Mandheling,Completed,Washed / Wet,7.25,7.42,7,7.08,7.17,7.08,10,10,10,7.08,0,80.08,13%,0 full defects,5,Green,1 full defects,,"August 19th, 2021",Specialty Coffee Association of Indonesia,"Ministry of Agriculture Republic Indonesia, Build C 5th Floor wing B Room 515 . Jl. Harsono RM No. 3, Ragunan, South Jakarta, Jakarta",Mahardini Farizki - 081284251303 / 085780031543
0,80,Q Arabica Certificate,Alexis Rodriguez,Brazil,,1593771,ECOM,002-1352-0196,Nestle Nespresso SA,1300,Cerrado,,320,60 kg,NKG Quality Service (a division of Bernhard Rothfos Intercafé AG),2019,"October 30th, 2020",Alexis Rodriguez,Bourbon,Completed,Pulped natural / honey,7.42,7.17,7.25,7.17,7.08,6.92,10,10,10,7,0,80,11%,0 full defects,0,Yellow-Green - Natural coffee,3 full defects,,"October 30th, 2021",NKG Quality Service (a division of Bernhard Rothfos Intercafé AG),"Bahnhofstrasse 22 6300 Zug, Switzerland",Gloria Pedroza - +41417287296
0,79.58,CQI Arabica Technical Report,Byron Gonzalez,Guatemala,LINDA VISTA,11-973-1040,HÚMEDO,11-973-1040,"MERCON GUATEMALA, S. A.",1800,SANTA ROSA,PABLO ARTURO CHUY FLORES,275,69 kg,Asociacion Nacional Del Café,2020,"August 21st, 2020",Byron Gonzalez,Catuai,Completed,Natural / Dry,7,7.08,7,7.17,7.25,7,10,10,10,7.08,0,79.58,11%,0 full defects,1,Green,5 full defects,,"August 21st, 2021",Asociacion Nacional Del Café,"5a Calle 0-50, Zona 14 Guatemala City, Guatemala 1014",Brayan Cifuentes -
0,79.5,CQI Arabica Technical Report,Alexis Rodriguez,Guatemala,,1593771,Exportcafe - ECOM,011-063-1333,Nestle Nespresso SA,1798,Huehuetenango,Agua Santa,275,69 kg,NKG Quality Service (a division of Bernhard Rothfos Intercafé AG),2019,"November 4th, 2020",Alexis Rodriguez,Other,Completed,Washed / Wet,7.5,7.42,7.33,7.58,7.58,7.75,9.33,9.33,9.33,7.67,-1.33,79.5,12%,1 full defects,3,Green,7 full defects,,"November 4th, 2021",NKG Quality Service (a division of Bernhard Rothfos Intercafé AG),"Bahnhofstrasse 22 6300 Zug, Switzerland",Gloria Pedroza - +41417287296
0,78.33,CQI Arabica Technical Report,Asociación Aldea Global Jinotega,Nicaragua,Aldea Global,P48161,Aldea Coffee,017/191/1841,Asociación Aldea Global Jinotega,1100,Matagalpa,Aldea Global,271,69 kg,Asociación de Cafés Especiales de Nicaragua,2020,"June 26th, 2020",Asociación Aldea Global Jinotega,SHG,Completed,Washed / Wet,7.17,6.67,6.42,7.08,7.17,6.92,10,10,10,6.92,0,78.33,13%,0 full defects,0,Green,1 full defects,,"June 26th, 2021",Asociación de Cafés Especiales de Nicaragua,"Del Hotel Seminole 2 C al lago, 1 C arriba.",Maria Ines Benavidez Toval - 011-(505)-8396 4717
0,76.33,CQI Arabica Technical Report,PTRAAS,Indonesia,"Pondokbaru, Benermeriah",ptraas no.2,"Pondokbaru, Benermeriah",15/3515/57 & 15/3515/58,PT Rajawali Artha Agro Sejahtera (PTRAAS),1200,sumatra,PT. Rajawali Artha Agro Sejahtera,320,60 kg,Specialty Coffee Association of Indonesia,2020,"September 9th, 2020",PTRAAS,Mandheling,Completed,Washed / Wet,7.58,7.25,7.17,7.42,7.5,7.5,7.33,8.67,10,7.25,-1.33,76.33,12%,0 full defects,2,Green,0 full defects,,"September 9th, 2021",Specialty Coffee Association of Indonesia,"Ministry of Agriculture Republic Indonesia, Build C 5th Floor wing B Room 515 . Jl. Harsono RM No. 3, Ragunan, South Jakarta, Jakarta",Mahardini Farizki - 081284251303 / 085780031543
0,70.42,CQI Arabica Technical Report,Jack Parker,Colombia,Finca La Costa,Microlot,Finca La Frontera,,"Southern Viking Trading Company, LLC",1800,CALDAS,Jack Parker and Paul Grant,4,240 kg,Asociación de Cafés Especiales de Nicaragua,2019,"August 14th, 2020",Jack Parker,Other,Completed,Washed / Wet,6.83,6.75,6.58,7.33,7.17,7,7.33,7.33,10,6.75,-2.67,70.42,11%,0 full defects,0,Green,0 full defects,,"August 14th, 2021",Asociación de Cafés Especiales de Nicaragua,"Del Hotel Seminole 2 C al lago, 1 C arriba.",Maria Ines Benavidez Toval - 011-(505)-8396 4717
0,66.75,CQI Arabica Technical Report,Juan Manuel Sanchez Silvestre,Honduras,La Cuesta,366,Dry Mill,13-111-208,Mercon Honduras,1500,San Andres,Bernardina Sanchez,92,30 kg,Instituto Hondureño del Café,2019,"September 18th, 2020",Juan Manuel Sanchez Silvestre,Catuai,Completed,Washed / Wet,7.75,7.5,7.42,7.5,7.67,7.42,6,6,6,7.5,-4,66.75,10%,0 full defects,0,Green,8 full defects,,"September 18th, 2021",Instituto Hondureño del Café,"Laboratorio de Control de Calidad de Café ( CNCC), 33 Calle, 1-2 Avenida, Sector El Cacao. San Pedro Sula, Cortes",Ramon Reyes - + 504 9693-9042